/*
SQLyog Enterprise - MySQL GUI v8.05 
MySQL - 5.6.25 : Database - project
*********************************************************************
*/

/*!40101 SET NAMES utf8 */;

/*!40101 SET SQL_MODE=''*/;

/*!40014 SET @OLD_FOREIGN_KEY_CHECKS=@@FOREIGN_KEY_CHECKS, FOREIGN_KEY_CHECKS=0 */;
/*!40101 SET @OLD_SQL_MODE=@@SQL_MODE, SQL_MODE='NO_AUTO_VALUE_ON_ZERO' */;

CREATE DATABASE /*!32312 IF NOT EXISTS*/`project` /*!40100 DEFAULT CHARACTER SET latin1 */;

USE `project`;

/*Table structure for table `groups` */

DROP TABLE IF EXISTS `groups`;

CREATE TABLE `groups` (
  `id` mediumint(8) unsigned NOT NULL AUTO_INCREMENT,
  `name` varchar(20) NOT NULL,
  `description` varchar(100) NOT NULL,
  `deleted` tinyint(9) unsigned NOT NULL DEFAULT '0',
  PRIMARY KEY (`id`)
) ENGINE=InnoDB AUTO_INCREMENT=3 DEFAULT CHARSET=utf8;

/*Data for the table `groups` */

LOCK TABLES `groups` WRITE;

insert  into `groups`(`id`,`name`,`description`,`deleted`) values (1,'admin','Administrator',0),(2,'members','General User',0);

UNLOCK TABLES;

/*Table structure for table `login_attempts` */

DROP TABLE IF EXISTS `login_attempts`;

CREATE TABLE `login_attempts` (
  `id` int(11) unsigned NOT NULL AUTO_INCREMENT,
  `ip_address` varchar(15) NOT NULL,
  `login` varchar(100) NOT NULL,
  `time` int(11) unsigned DEFAULT NULL,
  PRIMARY KEY (`id`)
) ENGINE=InnoDB DEFAULT CHARSET=utf8;

/*Data for the table `login_attempts` */

LOCK TABLES `login_attempts` WRITE;

UNLOCK TABLES;

/*Table structure for table `options` */

DROP TABLE IF EXISTS `options`;

CREATE TABLE `options` (
  `id_option` int(10) unsigned NOT NULL AUTO_INCREMENT,
  `name` varchar(256) DEFAULT NULL,
  `content` longtext,
  `deleted` tinyint(9) unsigned NOT NULL DEFAULT '0',
  PRIMARY KEY (`id_option`)
) ENGINE=InnoDB AUTO_INCREMENT=2 DEFAULT CHARSET=utf8;

/*Data for the table `options` */

LOCK TABLES `options` WRITE;

insert  into `options`(`id_option`,`name`,`content`,`deleted`) values (1,'gioi-thieu','<p><strong>HỆ THỐNG S&Agrave;N GIAO DỊCH BẤT ĐỘNG SẢN HƯNG THỊNH</strong><span>&nbsp;</span>trực thuộc<strong>C&Ocirc;NG&nbsp;</strong><strong>TY CỔ PHẦN</strong><strong>&nbsp;SGD BĐS HƯNG THỊNH&nbsp;</strong>(đơn vị th&agrave;nh vi&ecirc;n của<strong>&nbsp;</strong><strong>HUNG THINH CORP</strong>) l&agrave; một trong những s&agrave;n giao dịch h&agrave;ng đầu tại Tp.HCM về tư vấn v&agrave; dịch vụ địa ốc hiện nay. Với ti&ecirc;u ch&iacute; hoạt động<span>&nbsp;</span><strong>&quot;UY T&Iacute;N - HIỆU QUẢ - CH&Iacute;NH X&Aacute;C&quot;</strong>, c&ugrave;ng đội ngũ chuy&ecirc;n vi&ecirc;n gi&agrave;u kinh nghiệm. Thời gian qua, Ch&uacute;ng t&ocirc;i đ&atilde; đ&aacute;p ứng được nhu cầu giao dịch về bất động sản của Kh&aacute;ch h&agrave;ng một c&aacute;ch nhanh ch&oacute;ng v&agrave; hiệu quả.&nbsp;</p>',0);

UNLOCK TABLES;

/*Table structure for table `tbl_hinhanh` */

DROP TABLE IF EXISTS `tbl_hinhanh`;

CREATE TABLE `tbl_hinhanh` (
  `id_hinhanh` int(10) unsigned NOT NULL AUTO_INCREMENT,
  `ten_hinhanh` varchar(100) CHARACTER SET utf8 DEFAULT NULL,
  `date` datetime DEFAULT NULL,
  `src` varchar(100) CHARACTER SET utf8 DEFAULT NULL,
  `id_user` int(10) unsigned NOT NULL,
  `deleted` tinyint(9) unsigned NOT NULL DEFAULT '0',
  `real_hinhanh` varchar(100) CHARACTER SET utf8 DEFAULT NULL,
  `thumb_src` varchar(100) CHARACTER SET utf8 DEFAULT NULL,
  `bg_src` varchar(100) CHARACTER SET utf8 DEFAULT NULL,
  `slider_src` varchar(100) CHARACTER SET utf8 DEFAULT NULL,
  `default` tinyint(9) unsigned NOT NULL DEFAULT '0',
  PRIMARY KEY (`id_hinhanh`)
) ENGINE=InnoDB AUTO_INCREMENT=56 DEFAULT CHARSET=utf8 COLLATE=utf8_unicode_ci;

/*Data for the table `tbl_hinhanh` */

LOCK TABLES `tbl_hinhanh` WRITE;

insert  into `tbl_hinhanh`(`id_hinhanh`,`ten_hinhanh`,`date`,`src`,`id_user`,`deleted`,`real_hinhanh`,`thumb_src`,`bg_src`,`slider_src`,`default`) values (13,'1467133638_0_20141203_102223-200x200.jpg','2016-06-28 19:07:18','public/uploads/2016-06-28/1467133638_0_20141203_102223-200x200.jpg',1,0,'20141203_102223-200x200.jpg','public/uploads/2016-06-28/1467133638_0_20141203_102223-200x200.jpg','public/uploads/2016-06-28/1467133638_0_20141203_102223-200x200.jpg','public/uploads/2016-06-28/1467133638_0_20141203_102223-200x200.jpg',0),(14,'1467133638_0_11177154-a-tb-1-bds_1304751077-269x194.jpg','2016-06-28 19:07:18','public/uploads/2016-06-28/1467133638_0_11177154-a-tb-1-bds_1304751077-269x194.jpg',1,0,'11177154-a-tb-1-bds_1304751077-269x194.jpg','public/uploads/2016-06-28/1467133638_0_11177154-a-tb-1-bds_1304751077-269x194.jpg','public/uploads/2016-06-28/1467133638_0_11177154-a-tb-1-bds_1304751077-269x194.jpg','public/uploads/2016-06-28/1467133638_0_11177154-a-tb-1-bds_1304751077-269x194.jpg',0),(15,'1467135973_0_20141203_102251-300x225.jpg','2016-06-28 19:46:13','public/uploads/2016-06-28/1467135973_0_20141203_102251-300x225.jpg',1,0,'20141203_102251-300x225.jpg','public/uploads/2016-06-28/1467135973_0_20141203_102251-300x225.jpg','public/uploads/2016-06-28/1467135973_0_20141203_102251-300x225.jpg','public/uploads/2016-06-28/1467135973_0_20141203_102251-300x225.jpg',0),(16,'1467135974_0_IMG_0082.jpg','2016-06-28 19:46:15','public/uploads/2016-06-28/1467135974_0_IMG_0082.jpg',1,0,'IMG_0082.jpg','public/uploads/2016-06-28/1467135974_0_IMG_0082.jpg','public/uploads/2016-06-28/1467135974_0_IMG_0082.jpg','public/uploads/2016-06-28/1467135974_0_IMG_0082.jpg',0),(17,'1467136666_0_image-150x150.jpeg','2016-06-28 19:57:46','public/uploads/2016-06-28/1467136666_0_image-150x150.jpeg',1,0,'image-150x150.jpeg','public/uploads/2016-06-28/1467136666_0_image-150x150.jpeg','public/uploads/2016-06-28/1467136666_0_image-150x150.jpeg','public/uploads/2016-06-28/1467136666_0_image-150x150.jpeg',0),(18,'1467136667_0_logo.jpg','2016-06-28 19:57:47','public/uploads/2016-06-28/1467136667_0_logo.jpg',1,0,'logo.jpg','public/uploads/2016-06-28/1467136667_0_logo.jpg','public/uploads/2016-06-28/1467136667_0_logo.jpg','public/uploads/2016-06-28/1467136667_0_logo.jpg',0),(19,'1467136754_0_11177154-a-tb-1-bds_1304751077-260x149.jpg','2016-06-28 19:59:14','public/uploads/2016-06-28/1467136754_0_11177154-a-tb-1-bds_1304751077-260x149.jpg',1,0,'11177154-a-tb-1-bds_1304751077-260x149.jpg','public/uploads/2016-06-28/1467136754_0_11177154-a-tb-1-bds_1304751077-260x149.jpg','public/uploads/2016-06-28/1467136754_0_11177154-a-tb-1-bds_1304751077-260x149.jpg','public/uploads/2016-06-28/1467136754_0_11177154-a-tb-1-bds_1304751077-260x149.jpg',0),(20,'1467136754_0_20141203_102223-269x194.jpg','2016-06-28 19:59:14','public/uploads/2016-06-28/1467136754_0_20141203_102223-269x194.jpg',1,0,'20141203_102223-269x194.jpg','public/uploads/2016-06-28/1467136754_0_20141203_102223-269x194.jpg','public/uploads/2016-06-28/1467136754_0_20141203_102223-269x194.jpg','public/uploads/2016-06-28/1467136754_0_20141203_102223-269x194.jpg',0),(21,'1467376433_0_fbcovers-acousticguitar774N003.jpg','2016-07-01 14:33:53','public/uploads/2016-07-01/1467376433_0_fbcovers-acousticguitar774N003.jpg',1,0,'fbcovers-acousticguitar774N003.jpg','public/uploads/2016-07-01/1467376433_0_fbcovers-acousticguitar774N003.jpg','public/uploads/2016-07-01/1467376433_0_fbcovers-acousticguitar774N003.jpg','public/uploads/2016-07-01/1467376433_0_fbcovers-acousticguitar774N003.jpg',0),(22,'1467378309_0_fbcovers-acousticguitar774N003.jpg','2016-07-01 15:05:09','public/uploads/2016-07-01/1467378309_0_fbcovers-acousticguitar774N003.jpg',1,0,'fbcovers-acousticguitar774N003.jpg','public/uploads/2016-07-01/1467378309_0_fbcovers-acousticguitar774N003.jpg','public/uploads/2016-07-01/1467378309_0_fbcovers-acousticguitar774N003.jpg','public/uploads/2016-07-01/1467378309_0_fbcovers-acousticguitar774N003.jpg',0),(23,'1467461629_0_3.jpeg','2016-07-02 14:13:49','public/uploads/2016-07-02/1467461629_0_3.jpeg',3,0,'3.jpeg','public/uploads/2016-07-02/125x100_1467461629_0_3.jpeg','public/uploads/2016-07-02/768x576_1467461629_0_3.jpeg','public/uploads/2016-07-02/768x576_1467461629_0_3.jpeg',0),(24,'1467461629_0_2.png','2016-07-02 14:13:50','public/uploads/2016-07-02/1467461629_0_2.png',3,0,'2.png','public/uploads/2016-07-02/125x100_1467461629_0_2.png','public/uploads/2016-07-02/768x576_1467461629_0_2.png','public/uploads/2016-07-02/768x576_1467461629_0_2.png',0),(25,'1467461630_0_4.jpg','2016-07-02 14:13:50','public/uploads/2016-07-02/1467461630_0_4.jpg',3,0,'4.jpg','public/uploads/2016-07-02/125x100_1467461630_0_4.jpg','public/uploads/2016-07-02/768x576_1467461630_0_4.jpg','public/uploads/2016-07-02/768x576_1467461630_0_4.jpg',0),(26,'1467461630_0_1.jpg','2016-07-02 14:13:50','public/uploads/2016-07-02/1467461630_0_1.jpg',3,0,'1.jpg','public/uploads/2016-07-02/125x100_1467461630_0_1.jpg','public/uploads/2016-07-02/768x576_1467461630_0_1.jpg','public/uploads/2016-07-02/768x576_1467461630_0_1.jpg',0),(27,'1467463638_0_logo.jpg','2016-07-02 14:47:18','public/uploads/2016-07-02/1467463638_0_logo.jpg',3,0,'logo.jpg','public/uploads/2016-07-02/125x100_1467463638_0_logo.jpg','public/uploads/2016-07-02/768x576_1467463638_0_logo.jpg','public/uploads/2016-07-02/768x576_1467463638_0_logo.jpg',0),(28,'1467465846_0_logo.jpg','2016-07-02 15:24:06','public/uploads/2016-07-02/1467465846_0_logo.jpg',3,0,'logo.jpg','public/uploads/2016-07-02/125x100_1467465846_0_logo.jpg','public/uploads/2016-07-02/768x576_1467465846_0_logo.jpg','public/uploads/2016-07-02/768x576_1467465846_0_logo.jpg',0),(29,'1467476335_0_photo1.jpg','2016-07-02 18:18:55','public/uploads/2016-07-02/1467476335_0_photo1.jpg',3,0,'photo1.jpg','public/uploads/2016-07-02/125x100_1467476335_0_photo1.jpg','public/uploads/2016-07-02/768x576_1467476335_0_photo1.jpg','public/uploads/2016-07-02/768x576_1467476335_0_photo1.jpg',0),(30,'1467476335_0_tran.jpg','2016-07-02 18:18:56','public/uploads/2016-07-02/1467476335_0_tran.jpg',3,0,'tran.jpg','public/uploads/2016-07-02/125x100_1467476335_0_tran.jpg','public/uploads/2016-07-02/768x576_1467476335_0_tran.jpg','public/uploads/2016-07-02/768x576_1467476335_0_tran.jpg',0),(31,'1467476336_0_logo.jpg','2016-07-02 18:18:56','public/uploads/2016-07-02/1467476336_0_logo.jpg',3,0,'logo.jpg','public/uploads/2016-07-02/125x100_1467476336_0_logo.jpg','public/uploads/2016-07-02/768x576_1467476336_0_logo.jpg','public/uploads/2016-07-02/768x576_1467476336_0_logo.jpg',0),(32,'1467476336_0_testimonial-dummy1.jpg','2016-07-02 18:18:56','public/uploads/2016-07-02/1467476336_0_testimonial-dummy1.jpg',3,0,'testimonial-dummy1.jpg','public/uploads/2016-07-02/125x100_1467476336_0_testimonial-dummy1.jpg','public/uploads/2016-07-02/768x576_1467476336_0_testimonial-dummy1.jpg','public/uploads/2016-07-02/768x576_1467476336_0_testimonial-dummy1.jpg',0),(33,'1467480282_0_logo.jpg','2016-07-02 19:24:42','public/uploads/2016-07-02/1467480282_0_logo.jpg',3,0,'logo.jpg','public/uploads/2016-07-02/125x100_1467480282_0_logo.jpg','public/uploads/2016-07-02/768x576_1467480282_0_logo.jpg','public/uploads/2016-07-02/768x576_1467480282_0_logo.jpg',0),(34,'1467480468_0_photo1.jpg','2016-07-02 19:27:49','public/uploads/2016-07-02/1467480468_0_photo1.jpg',3,0,'photo1.jpg','public/uploads/2016-07-02/125x100_1467480468_0_photo1.jpg','public/uploads/2016-07-02/768x576_1467480468_0_photo1.jpg','public/uploads/2016-07-02/768x576_1467480468_0_photo1.jpg',0),(35,'1467536520_0_20141203_102251-260x149.jpg','2016-07-03 11:02:00','public/uploads/2016-07-03/1467536520_0_20141203_102251-260x149.jpg',1,0,'20141203_102251-260x149.jpg','public/uploads/2016-07-03/125x100_1467536520_0_20141203_102251-260x149.jpg','public/uploads/2016-07-03/768x576_1467536520_0_20141203_102251-260x149.jpg','public/uploads/2016-07-03/768x576_1467536520_0_20141203_102251-260x149.jpg',0),(36,'1467536559_0_20141203_102256-1-870x343.jpg','2016-07-03 11:02:39','public/uploads/2016-07-03/1467536559_0_20141203_102256-1-870x343.jpg',1,0,'20141203_102256-1-870x343.jpg','public/uploads/2016-07-03/125x100_1467536559_0_20141203_102256-1-870x343.jpg','public/uploads/2016-07-03/768x576_1467536559_0_20141203_102256-1-870x343.jpg','public/uploads/2016-07-03/768x576_1467536559_0_20141203_102256-1-870x343.jpg',0),(37,'1467537290_0_logo.jpg','2016-07-03 11:14:50','public/uploads/2016-07-03/1467537290_0_logo.jpg',1,0,'logo.jpg','public/uploads/2016-07-03/125x100_1467537290_0_logo.jpg','public/uploads/2016-07-03/768x576_1467537290_0_logo.jpg','public/uploads/2016-07-03/768x576_1467537290_0_logo.jpg',1),(38,'1467736806_0_11177154-a-tb-1-bds_1304751077-269x194.jpg','2016-07-05 18:40:07','public/uploads/2016-07-05/1467736806_0_11177154-a-tb-1-bds_1304751077-269x194.jpg',1,0,'11177154-a-tb-1-bds_1304751077-269x194.jpg','public/uploads/2016-07-05/125x100_1467736806_0_11177154-a-tb-1-bds_1304751077-269x194.jpg','public/uploads/2016-07-05/768x576_1467736806_0_11177154-a-tb-1-bds_1304751077-269x194.jpg','public/uploads/2016-07-05/768x576_1467736806_0_11177154-a-tb-1-bds_1304751077-269x194.jpg',0),(39,'1467736822_0_20141203_102256-768x576.jpg','2016-07-05 18:40:22','public/uploads/2016-07-05/1467736822_0_20141203_102256-768x576.jpg',1,0,'20141203_102256-768x576.jpg','public/uploads/2016-07-05/125x100_1467736822_0_20141203_102256-768x576.jpg','public/uploads/2016-07-05/768x576_1467736822_0_20141203_102256-768x576.jpg','public/uploads/2016-07-05/768x576_1467736822_0_20141203_102256-768x576.jpg',0),(40,'1467737628_0_11177154-a-tb-1-bds_1304751077-269x194.jpg','2016-07-05 18:53:48','public/uploads/2016-07-05/1467737628_0_11177154-a-tb-1-bds_1304751077-269x194.jpg',1,0,'11177154-a-tb-1-bds_1304751077-269x194.jpg','public/uploads/2016-07-05/125x100_1467737628_0_11177154-a-tb-1-bds_1304751077-269x194.jpg','public/uploads/2016-07-05/768x576_1467737628_0_11177154-a-tb-1-bds_1304751077-269x194.jpg','public/uploads/2016-07-05/768x576_1467737628_0_11177154-a-tb-1-bds_1304751077-269x194.jpg',0),(41,'1467737652_0_20141203_102223-300x225.jpg','2016-07-05 18:54:13','public/uploads/2016-07-05/1467737652_0_20141203_102223-300x225.jpg',1,0,'20141203_102223-300x225.jpg','public/uploads/2016-07-05/125x100_1467737652_0_20141203_102223-300x225.jpg','public/uploads/2016-07-05/768x576_1467737652_0_20141203_102223-300x225.jpg','public/uploads/2016-07-05/768x576_1467737652_0_20141203_102223-300x225.jpg',0),(42,'1467738942_0_20141203_104727-768x576.jpg','2016-07-05 19:15:42','public/uploads/2016-07-05/1467738942_0_20141203_104727-768x576.jpg',1,0,'20141203_104727-768x576.jpg','public/uploads/2016-07-05/125x100_1467738942_0_20141203_104727-768x576.jpg','public/uploads/2016-07-05/768x576_1467738942_0_20141203_104727-768x576.jpg','public/uploads/2016-07-05/768x576_1467738942_0_20141203_104727-768x576.jpg',0),(43,'1467738966_0_20141203_102251-300x225.jpg','2016-07-05 19:16:06','public/uploads/2016-07-05/1467738966_0_20141203_102251-300x225.jpg',1,0,'20141203_102251-300x225.jpg','public/uploads/2016-07-05/125x100_1467738966_0_20141203_102251-300x225.jpg','public/uploads/2016-07-05/768x576_1467738966_0_20141203_102251-300x225.jpg','public/uploads/2016-07-05/768x576_1467738966_0_20141203_102251-300x225.jpg',0),(44,'1467740005_0_20141203_102251-1874x662.jpg','2016-07-05 19:33:26','public/uploads/2016-07-05/1467740005_0_20141203_102251-1874x662.jpg',1,0,'20141203_102251-1874x662.jpg','public/uploads/2016-07-05/125x100_1467740005_0_20141203_102251-1874x662.jpg','public/uploads/2016-07-05/768x576_1467740005_0_20141203_102251-1874x662.jpg','public/uploads/2016-07-05/768x576_1467740005_0_20141203_102251-1874x662.jpg',0),(45,'1467740024_0_11177154-a-tb-1-bds_1304751077-269x194.jpg','2016-07-05 19:33:44','public/uploads/2016-07-05/1467740024_0_11177154-a-tb-1-bds_1304751077-269x194.jpg',1,0,'11177154-a-tb-1-bds_1304751077-269x194.jpg','public/uploads/2016-07-05/125x100_1467740024_0_11177154-a-tb-1-bds_1304751077-269x194.jpg','public/uploads/2016-07-05/768x576_1467740024_0_11177154-a-tb-1-bds_1304751077-269x194.jpg','public/uploads/2016-07-05/768x576_1467740024_0_11177154-a-tb-1-bds_1304751077-269x194.jpg',0),(46,'1467741227_0_4.jpg','2016-07-05 19:53:47','public/uploads/2016-07-05/1467741227_0_4.jpg',1,0,'4.jpg','public/uploads/2016-07-05/125x100_1467741227_0_4.jpg','public/uploads/2016-07-05/768x576_1467741227_0_4.jpg','public/uploads/2016-07-05/768x576_1467741227_0_4.jpg',0),(47,'1467741307_0_768x576_1467738942_0_20141203_104727-768x576.jpg','2016-07-05 19:55:07','public/uploads/2016-07-05/1467741307_0_768x576_1467738942_0_20141203_104727-768x576.jpg',1,1,'768x576_1467738942_0_20141203_104727-768x576.jpg','public/uploads/2016-07-05/125x100_1467741307_0_768x576_1467738942_0_20141203_104727-768x576.jpg','public/uploads/2016-07-05/768x576_1467741307_0_768x576_1467738942_0_20141203_104727-768x576.jpg','public/uploads/2016-07-05/768x576_1467741307_0_768x576_1467738942_0_20141203_104727-768x576.jpg',0),(48,'1467741340_0_768x576_1467738942_0_20141203_104727-768x576.jpg','2016-07-05 19:55:40','public/uploads/2016-07-05/1467741340_0_768x576_1467738942_0_20141203_104727-768x576.jpg',1,0,'768x576_1467738942_0_20141203_104727-768x576.jpg','public/uploads/2016-07-05/125x100_1467741340_0_768x576_1467738942_0_20141203_104727-768x576.jpg','public/uploads/2016-07-05/768x576_1467741340_0_768x576_1467738942_0_20141203_104727-768x576.jpg','public/uploads/2016-07-05/768x576_1467741340_0_768x576_1467738942_0_20141203_104727-768x576.jpg',0),(49,'1467742303_0_4.jpg','2016-07-05 20:11:43','public/uploads/2016-07-05/1467742303_0_4.jpg',1,0,'4.jpg','public/uploads/2016-07-05/125x100_1467742303_0_4.jpg','public/uploads/2016-07-05/768x576_1467742303_0_4.jpg','public/uploads/2016-07-05/1375x7681467742303_0_4.jpg',0),(50,'1467742317_0_768x576_1467738942_0_20141203_104727-768x576.jpg','2016-07-05 20:11:57','public/uploads/2016-07-05/1467742317_0_768x576_1467738942_0_20141203_104727-768x576.jpg',1,0,'768x576_1467738942_0_20141203_104727-768x576.jpg','public/uploads/2016-07-05/125x100_1467742317_0_768x576_1467738942_0_20141203_104727-768x576.jpg','public/uploads/2016-07-05/768x576_1467742317_0_768x576_1467738942_0_20141203_104727-768x576.jpg','public/uploads/2016-07-05/1375x7681467742317_0_768x576_1467738942_0_20141203_104727-768x576.jpg',0),(51,'1467774173_0_13502621_580794852125196_6427375860825837503_o.jpg','2016-07-06 05:02:54','public/uploads/2016-07-06/1467774173_0_13502621_580794852125196_6427375860825837503_o.jpg',1,0,'13502621_580794852125196_6427375860825837503_o.jpg','public/uploads/2016-07-06/125x100_1467774173_0_13502621_580794852125196_6427375860825837503_o.jpg','public/uploads/2016-07-06/768x576_1467774173_0_13502621_580794852125196_6427375860825837503_o.jpg','public/uploads/2016-07-06/1375x768_1467774173_0_13502621_580794852125196_6427375860825837503_o.jpg',0),(52,'1467774318_0_13502621_580794852125196_6427375860825837503_o.jpg','2016-07-06 05:05:19','public/uploads/2016-07-06/1467774318_0_13502621_580794852125196_6427375860825837503_o.jpg',1,0,'13502621_580794852125196_6427375860825837503_o.jpg','public/uploads/2016-07-06/125x100_1467774318_0_13502621_580794852125196_6427375860825837503_o.jpg','public/uploads/2016-07-06/768x576_1467774318_0_13502621_580794852125196_6427375860825837503_o.jpg','public/uploads/2016-07-06/1375x520_1467774318_0_13502621_580794852125196_6427375860825837503_o.jpg',0),(53,'1467774397_0_1467742303_0_4.jpg','2016-07-06 05:06:37','public/uploads/2016-07-06/1467774397_0_1467742303_0_4.jpg',1,0,'1467742303_0_4.jpg','public/uploads/2016-07-06/125x100_1467774397_0_1467742303_0_4.jpg','public/uploads/2016-07-06/768x576_1467774397_0_1467742303_0_4.jpg','public/uploads/2016-07-06/1375x520_1467774397_0_1467742303_0_4.jpg',0),(54,'1467774692_0_1375x768_1467772632_0_Drawing1-Model.png','2016-07-06 05:11:32','public/uploads/2016-07-06/1467774692_0_1375x768_1467772632_0_Drawing1-Model.png',1,0,'1375x768_1467772632_0_Drawing1-Model.png','public/uploads/2016-07-06/125x100_1467774692_0_1375x768_1467772632_0_Drawing1-Model.png','public/uploads/2016-07-06/768x576_1467774692_0_1375x768_1467772632_0_Drawing1-Model.png','public/uploads/2016-07-06/1375x520_1467774692_0_1375x768_1467772632_0_Drawing1-Model.png',0),(55,'1467774760_0_1467772632_0_Drawing1-Model.png','2016-07-06 05:12:40','public/uploads/2016-07-06/1467774760_0_1467772632_0_Drawing1-Model.png',1,0,'1467772632_0_Drawing1-Model.png','public/uploads/2016-07-06/125x100_1467774760_0_1467772632_0_Drawing1-Model.png','public/uploads/2016-07-06/768x576_1467774760_0_1467772632_0_Drawing1-Model.png','public/uploads/2016-07-06/1375x520_1467774760_0_1467772632_0_Drawing1-Model.png',0);

UNLOCK TABLES;

/*Table structure for table `tbl_hinhanh_tin` */

DROP TABLE IF EXISTS `tbl_hinhanh_tin`;

CREATE TABLE `tbl_hinhanh_tin` (
  `id_hinhand_tin` int(10) unsigned NOT NULL AUTO_INCREMENT,
  `id_hinhanh` int(10) unsigned NOT NULL DEFAULT '0',
  `id_tin` int(10) unsigned NOT NULL DEFAULT '0',
  `deleted` tinyint(9) unsigned NOT NULL DEFAULT '0',
  PRIMARY KEY (`id_hinhand_tin`)
) ENGINE=InnoDB AUTO_INCREMENT=30 DEFAULT CHARSET=utf8 COLLATE=utf8_unicode_ci;

/*Data for the table `tbl_hinhanh_tin` */

LOCK TABLES `tbl_hinhanh_tin` WRITE;

insert  into `tbl_hinhanh_tin`(`id_hinhand_tin`,`id_hinhanh`,`id_tin`,`deleted`) values (7,13,8,1),(8,14,8,1),(9,15,9,0),(10,16,9,0),(11,17,10,0),(12,18,10,0),(13,19,11,0),(14,20,11,0),(15,21,12,0),(16,22,13,0),(17,23,14,0),(18,24,14,0),(19,25,14,0),(20,26,14,0),(21,14,8,1),(22,14,8,1),(23,33,8,1),(24,14,8,1),(25,33,8,1),(26,14,8,1),(27,33,8,1),(28,14,8,0),(29,33,8,0);

UNLOCK TABLES;

/*Table structure for table `tbl_hinhanh_tintuc` */

DROP TABLE IF EXISTS `tbl_hinhanh_tintuc`;

CREATE TABLE `tbl_hinhanh_tintuc` (
  `id_hinhanh_tintuc` int(10) unsigned NOT NULL AUTO_INCREMENT,
  `id_hinhanh` int(10) unsigned NOT NULL,
  `id_tintuc` int(10) unsigned NOT NULL,
  `deleted` tinyint(9) unsigned NOT NULL DEFAULT '0',
  PRIMARY KEY (`id_hinhanh_tintuc`)
) ENGINE=InnoDB AUTO_INCREMENT=24 DEFAULT CHARSET=utf8;

/*Data for the table `tbl_hinhanh_tintuc` */

LOCK TABLES `tbl_hinhanh_tintuc` WRITE;

insert  into `tbl_hinhanh_tintuc`(`id_hinhanh_tintuc`,`id_hinhanh`,`id_tintuc`,`deleted`) values (1,28,2,0),(2,29,3,1),(3,30,3,1),(4,31,3,1),(5,32,3,1),(6,29,3,1),(7,30,3,1),(8,31,3,1),(9,32,3,1),(10,29,3,1),(11,30,3,1),(12,31,3,1),(13,32,3,1),(14,29,3,1),(15,30,3,1),(16,31,3,1),(17,32,3,0),(18,29,3,0),(19,30,3,0),(20,34,4,1),(21,35,5,0),(22,36,6,0),(23,34,4,0);

UNLOCK TABLES;

/*Table structure for table `tbl_huong` */

DROP TABLE IF EXISTS `tbl_huong`;

CREATE TABLE `tbl_huong` (
  `id_huong` int(10) unsigned NOT NULL AUTO_INCREMENT,
  `ten_huong` varchar(256) CHARACTER SET utf8 DEFAULT NULL,
  `order` int(10) unsigned NOT NULL DEFAULT '0',
  `deleted` tinyint(9) unsigned NOT NULL DEFAULT '0',
  PRIMARY KEY (`id_huong`)
) ENGINE=InnoDB AUTO_INCREMENT=9 DEFAULT CHARSET=utf8 COLLATE=utf8_unicode_ci;

/*Data for the table `tbl_huong` */

LOCK TABLES `tbl_huong` WRITE;

insert  into `tbl_huong`(`id_huong`,`ten_huong`,`order`,`deleted`) values (1,'Đông',1,0),(2,'Tây',2,0),(3,'Nam',3,0),(4,'Bắc',4,0),(5,'Đông Nam',5,0),(6,'Đông Bắc',6,0),(7,'Tây Nam',7,0),(8,'Tây Bắc',8,0);

UNLOCK TABLES;

/*Table structure for table `tbl_khuvuc` */

DROP TABLE IF EXISTS `tbl_khuvuc`;

CREATE TABLE `tbl_khuvuc` (
  `id_khuvuc` int(10) unsigned NOT NULL AUTO_INCREMENT,
  `ten_khuvuc` varchar(256) DEFAULT NULL,
  `parent` int(10) unsigned NOT NULL DEFAULT '0',
  `deleted` tinyint(9) unsigned NOT NULL DEFAULT '0',
  `order` int(10) unsigned NOT NULL,
  PRIMARY KEY (`id_khuvuc`)
) ENGINE=InnoDB AUTO_INCREMENT=23 DEFAULT CHARSET=utf8;

/*Data for the table `tbl_khuvuc` */

LOCK TABLES `tbl_khuvuc` WRITE;

insert  into `tbl_khuvuc`(`id_khuvuc`,`ten_khuvuc`,`parent`,`deleted`,`order`) values (1,'Thành phố Hồ Chí Minh',0,0,1),(2,'Đồng Nai',0,0,17),(3,'Bình Dương',0,0,21),(4,'Quận 1',1,0,2),(5,'Quận 2',1,0,3),(6,'Quận 3',1,0,4),(7,'Quận 4',1,0,5),(8,'Quận 5',1,0,6),(9,'Quận 6',1,0,7),(10,'Quận 7',1,0,8),(11,'Quận 8',1,0,9),(12,'Quận 9',1,0,10),(13,'Quận 10',1,0,11),(14,'Quận 11',1,0,12),(15,'Quận 12',1,0,13),(16,'Quận Thủ Đức',1,0,14),(17,'Quận Gò Vấp',1,0,15),(18,'Quận Bình Thạnh',1,0,16),(19,'Tp Biên Hòa',2,0,18),(20,'Long Thành',2,0,19),(21,'Long Khánh',2,0,20),(22,'Thị trấn dĩ an',3,0,22);

UNLOCK TABLES;

/*Table structure for table `tbl_page` */

DROP TABLE IF EXISTS `tbl_page`;

CREATE TABLE `tbl_page` (
  `id` int(10) unsigned NOT NULL AUTO_INCREMENT,
  `page` varchar(256) CHARACTER SET utf8 DEFAULT NULL,
  `module` varchar(50) CHARACTER SET utf8 NOT NULL DEFAULT ' ',
  `controller` varchar(50) CHARACTER SET utf8 NOT NULL DEFAULT 'index',
  `method` varchar(50) CHARACTER SET utf8 NOT NULL DEFAULT 'index',
  `seo_url` varchar(256) DEFAULT NULL,
  `template` varchar(50) CHARACTER SET utf8 NOT NULL DEFAULT 'template',
  `link` varchar(256) CHARACTER SET utf8 DEFAULT 'index/index',
  `deleted` tinyint(9) unsigned NOT NULL DEFAULT '0',
  PRIMARY KEY (`id`)
) ENGINE=InnoDB AUTO_INCREMENT=4 DEFAULT CHARSET=latin1;

/*Data for the table `tbl_page` */

LOCK TABLES `tbl_page` WRITE;

insert  into `tbl_page`(`id`,`page`,`module`,`controller`,`method`,`seo_url`,`template`,`link`,`deleted`) values (1,'Trang chủ','','index','index','index.html','template','index/index',0),(2,'Đăng nhập','','index','login','dang-nhap.html','box','index/login',0),(3,'Giới Thiệu','','index','gioithieu','gioi-thieu.html','right','index/gioithieu',0);

UNLOCK TABLES;

/*Table structure for table `tbl_phaply` */

DROP TABLE IF EXISTS `tbl_phaply`;

CREATE TABLE `tbl_phaply` (
  `id_phaply` int(10) unsigned NOT NULL AUTO_INCREMENT,
  `ten_phaply` varchar(256) CHARACTER SET utf8 DEFAULT NULL,
  `order` int(10) unsigned NOT NULL DEFAULT '0',
  `deleted` tinyint(9) unsigned NOT NULL DEFAULT '0',
  PRIMARY KEY (`id_phaply`)
) ENGINE=InnoDB AUTO_INCREMENT=5 DEFAULT CHARSET=utf8 COLLATE=utf8_unicode_ci;

/*Data for the table `tbl_phaply` */

LOCK TABLES `tbl_phaply` WRITE;

insert  into `tbl_phaply`(`id_phaply`,`ten_phaply`,`order`,`deleted`) values (1,'Sổ đỏ / Sổ hồng',1,0),(2,'Giấy tờ hợp pháp',2,0),(3,'Giấy phép Xây dựng',3,0),(4,'Giấy phép Kinh Doanh',4,0);

UNLOCK TABLES;

/*Table structure for table `tbl_slider` */

DROP TABLE IF EXISTS `tbl_slider`;

CREATE TABLE `tbl_slider` (
  `id` int(10) unsigned NOT NULL AUTO_INCREMENT,
  `id_hinhanh` int(10) unsigned NOT NULL,
  `animate_1` varchar(256) CHARACTER SET utf8 DEFAULT NULL,
  `animate_2` varchar(256) CHARACTER SET utf8 DEFAULT NULL,
  `animate_3` varchar(256) CHARACTER SET utf8 DEFAULT NULL,
  `animate_4` varchar(256) CHARACTER SET utf8 DEFAULT NULL,
  `deleted` tinyint(9) unsigned NOT NULL DEFAULT '0',
  PRIMARY KEY (`id`)
) ENGINE=InnoDB AUTO_INCREMENT=7 DEFAULT CHARSET=latin1;

/*Data for the table `tbl_slider` */

LOCK TABLES `tbl_slider` WRITE;

insert  into `tbl_slider`(`id`,`id_hinhanh`,`animate_1`,`animate_2`,`animate_3`,`animate_4`,`deleted`) values (1,42,'text asd','asd','asd',NULL,1),(2,52,'Mạnh Tiến Phát','Đầu tư,Môi giới bất động sản','',NULL,0),(4,50,'Hình ảnh','Đi chơi ăn uống','',NULL,1),(5,53,'','','',NULL,0),(6,55,'','','',NULL,0);

UNLOCK TABLES;

/*Table structure for table `tbl_tin` */

DROP TABLE IF EXISTS `tbl_tin`;

CREATE TABLE `tbl_tin` (
  `id_tin` int(10) unsigned NOT NULL AUTO_INCREMENT,
  `title` varchar(100) CHARACTER SET utf8 DEFAULT NULL,
  `alias` varchar(100) CHARACTER SET utf8 DEFAULT NULL,
  `content` longtext COLLATE utf8_unicode_ci,
  `date` datetime DEFAULT NULL,
  `id_user` int(10) unsigned DEFAULT NULL,
  `id_khuvuc` int(10) unsigned DEFAULT NULL,
  `diachi` varchar(256) CHARACTER SET utf8 DEFAULT NULL,
  `dientich` int(10) unsigned DEFAULT NULL,
  `gia` int(10) unsigned DEFAULT NULL,
  `chieudai` int(10) unsigned DEFAULT NULL,
  `chieurong` int(10) unsigned DEFAULT NULL,
  `id_phaply` int(10) unsigned DEFAULT NULL,
  `id_huong` int(10) unsigned DEFAULT NULL,
  `active` tinyint(9) unsigned NOT NULL DEFAULT '1',
  `deleted` tinyint(9) unsigned NOT NULL DEFAULT '0',
  PRIMARY KEY (`id_tin`)
) ENGINE=InnoDB AUTO_INCREMENT=15 DEFAULT CHARSET=utf8 COLLATE=utf8_unicode_ci;

/*Data for the table `tbl_tin` */

LOCK TABLES `tbl_tin` WRITE;

insert  into `tbl_tin`(`id_tin`,`title`,`alias`,`content`,`date`,`id_user`,`id_khuvuc`,`diachi`,`dientich`,`gia`,`chieudai`,`chieurong`,`id_phaply`,`id_huong`,`active`,`deleted`) values (8,'Cần Bán 2 Lô Đất 75m2 P,B,Tr,Tây Và P,B,Tr,Đông Q2','can-ban-2-lo-dat-75m2-pbtrtay-va-pbtrdong-q2','<h2>Dịch vụ x&acirc;y dựng chuy&ecirc;n nghiệp</h2><p><br></p><p><br></p><p><img height=\"350\" src=\"http://catxanh.vn/wp-content/uploads/2016/06/thi-cong-xy-dung-nha-pho-16-570x350.jpg\" alt=\"thi-cong-xy-dung-nha-pho-16\" srcset=\"http://catxanh.vn/wp-content/uploads/2016/06/thi-cong-xy-dung-nha-pho-16-570x350.jpg 570w, <a href=\" class=\"fr-dii fr-draggable\" style=\"width: 570px;\">http://catxanh.vn/wp-content/uploads/2016/06/thi-cong-xy-dung-nha-pho-16-340x210.jpg 340w&quot; sizes=&quot;(max-width: 570px) 100vw, 570px&quot;&gt;</p><p><br></p><p><br></p><p>X&acirc;y dựng thi c&ocirc;ng chắc chắn là m&ocirc;̣t n&ocirc;̃i lo lớn của m&ocirc;̃i chủ đ&acirc;̀u tư, vì đ&ecirc;̉ có m&ocirc;̣t đ&ocirc;̣i ngũ x&acirc;y dựng giàu kinh nghi&ecirc;̣m, và chuy&ecirc;n m&ocirc;n, thi c&ocirc;ng kĩ càng, uy tín và đ&acirc;̀y trách nhi&ecirc;̣m là đi&ecirc;̀u sẽ làm bạn phải suy nghĩ lựa chọn r&acirc;́t khó khăn&hellip;</p><p>vì hi&ecirc;̣n nay r&acirc;́t nhi&ecirc;̀u c&ocirc;ng ty x&acirc;y dựng, và đ&acirc;u đó chúng ta v&acirc;̃n phải nghe v&ecirc;̀ những c&ocirc;ng ty làm ăn kh&ocirc;ng đàng hoàng như cam k&ecirc;́t v&acirc;̣t tư ch&acirc;́t lượng thương hi&ecirc;̣u, nhưng lại pha tr&ocirc;̣n hàng kém ch&acirc;́t lượng, hàng giả, hàng cũ, hàng l&ocirc;̃i, hàng t&ocirc;̀n kho hoặc bớt xén v&acirc;̣t tư &hellip; Hoặc ăn bớt c&ocirc;ng x&acirc;y&hellip;</p><p><img alt=\"thi-cong-xy-dung-nha-pho-16\" height=\"300\" src=\"http://localhost/wordpress/wp-content/uploads/2016/06/thi-cong-xy-dung-nha-pho-16-225x300.jpg\" srcset=\"http://catxanh.vn/wp-content/uploads/2016/06/thi-cong-xy-dung-nha-pho-16-225x300.jpg 225w, <a href=\" class=\"fr-dii fr-draggable\" style=\"width: 225px;\">http://catxanh.vn/wp-content/uploads/2016/06/thi-cong-xy-dung-nha-pho-16.jpg 719w&quot; sizes=&quot;(max-width: 225px) 100vw, 225px&quot;&gt;</p><p>Hi&ecirc;̉u được đi&ecirc;̀u đó, CAT XANH lu&ocirc;n coi từng ng&ocirc;i nhà, từng dự án mà chúng t&ocirc;i thực hi&ecirc;̣n, chúng t&ocirc;i đ&ecirc;̀u coi đó là x&acirc;y cho nhà mình, và tư tưởng này được xuy&ecirc;n su&ocirc;́t tới từng thợ h&ocirc;̀. Và được quản lý bởi h&ecirc;̣ th&ocirc;́ng quản trị chuy&ecirc;n nghi&ecirc;̣p của chúng t&ocirc;i đ&ecirc;̉ làm sao đáp ứng v&ecirc;̀ chuy&ecirc;n m&ocirc;n, chuy&ecirc;n nghi&ecirc;̣p mà đạo đức ngh&ecirc;̀ nghi&ecirc;̣p được ti&ecirc;n quy&ecirc;́t.</p>','2016-07-05 10:51:19',1,5,'Lô Đất 75m2 P,B,Tr,Tây Và P,B,Tr,Đông Q2',120,200,123,10,4,5,1,0),(9,'DO LÀM ĂN XA KHÔNG CÓ NGƯỞI QUẢN LÍ NÊN BÁN GẤP 24 PHÒNG TRỌ VÀ 600M2 ĐẤT GẦN TP.HCM','do-lam-an-xa-khong-co-nguoi-quan-li-nen-ban-gap-24-phong-tro-va-600m2-dat-gan-tphcm','Thông tin lô đất 0912.052.896 Gặp LUÂN \r\n\r\n  1. ĐẤT NỀN\r\n\r\n- 600m2 đất mặt tiền đường, gần chợ,gần trường học, nằm trong khu đô thị, thông dài    ra khu công nghiệp, gần QL 13. tiện ở, kinh doanh, xây trọ..\r\n\r\n - Diện Tích: 600m2 tách làm 4 lô (5x30) = 150','2016-06-28 19:46:28',1,12,'120/40 Đường Đại Lộ Bình Dương, Phường Phú Lợi, Thị xã Thủ Dầu Một, Bình Dương',1200,10000,12,100,1,2,1,0),(10,'Bán nhà Quận 10, MT Sư Vạn Hạnh, 12 x 25, 39.9 Tỷ','ban-nha-quan-10-mt-su-van-hanh-12-x-25-399-ty','Bán Nhà Mặt Tiền Đường Sư Vạn Hạnh, Phường 12, Quận 10. \r\n\r\nDT: 12m x 25m, xây 6 lầu thang máy, để sân trước 7m, sân sau 1m. Kết cấu: Hầm + 5 lầu, có thang máy. \r\n- Vị trí cực kỳ đắc địa, MT đường Sư Vạn Hạnh, P12, Q10 (từ 3/2 đến Tô Hiến Thành). Gần 3 trư','2016-06-28 19:57:57',1,13,'Sư Vạn Hạnh',150,39000,12,25,3,3,1,0),(11,'Bán Gấp 2 Dãy Nhà Trọ Tại Bình Chánh 18 Phòng, Diện Tích 260m2, SHR, Thu Nhập 19tr/Tháng','ban-gap-2-day-nha-tro-tai-binh-chanh-18-phong-dien-tich-260m2-shr-thu-nhap-19trthang','+Nằm ngay cụm KCN TÂN ĐÔ + HẠNH PHÚC. \r\n\r\n+Diện tích 260m2 ngang 10m dài 26m \r\n\r\n+2 dãy là 17 phòng và 1 ki ốt\r\n\r\n+Diễn tích mỗi phòng trọ 4x3=12m2 và có gác đúc, riêng ki ốt là 4x4=16m2 \r\n\r\n+Nhà trọ đã có sổ hồng \r\n\r\n+Nhà trọ cho thuê 3 năm rồi, công nhân','2016-06-28 19:59:28',1,12,'Bình Chánh',260,1000,56,12,4,6,1,0),(12,'62 Đường 743, Phường Bình Thắng, Thị xã Dĩ An, Bình Dương','62-duong-743-phuong-binh-thang-thi-xa-di-an-binh-duong','<h3><span data-mce-style=\"color: #0000ff;\"><strong>ĐỪNG CHỜ MUA ĐẤT - H&Atilde;Y MUA ĐẤT ĐỂ CHỜ <span data-mce-style=\"color: #ff0000;\">GI&Aacute;&nbsp;</span></strong></span><span data-mce-style=\"color: #ff0000;\">L&Ecirc;N GẤP 3-10</span><strong><span data','2016-07-01 14:34:02',1,22,'62 Đường 743, Phường Bình Thắng, Thị xã Dĩ An, Bình Dương',120,1000,12,10,3,7,1,1),(13,'NGÂN HÀNG THANH LÝ NHÀ TRỌ - NHÀ VÀ ĐẤT GẦN TP.HỒ CHÍ MINH GIÁ CHỈ 119 TRIỆU MUA NGAY','ngan-hang-thanh-ly-nha-tro---nha-va-dat-gan-tpho-chi-minh-gia-chi-119-trieu-mua-ngay','<h3><span data-mce-style=\"color: #0000ff;\"><strong>ĐỪNG CHỜ MUA ĐẤT - H&Atilde;Y MUA ĐẤT ĐỂ CHỜ <span data-mce-style=\"color: #ff0000;\">GI&Aacute;&nbsp;</span></strong></span><span data-mce-style=\"color: #ff0000;\">L&Ecirc;N GẤP 3-10</span><strong><span data-mce-style=\"color: #ff0000;\">&nbsp;LẦN B&Aacute;N ĐI</span>.</strong></h3><p><img alt=\"MBB-ngan-hang-quan-doi-binh-duong\" data-mce-=\"\" height=\"255\" src=\"http://bandatbinhduong.net.vn/wp-content/uploads/2016/06/MBB-ngan-hang-quan-doi-binh-duong.jpg\" class=\"fr-dii fr-draggable\" style=\"width: 771px;\"><span data-mce-style=\"color: #000000;\"><a data-mce-=\"\" data-mce-style=\"color: #000000;\" href=\"http://bandatbinhduong.net.vn/ngan-hang-thanh-ly-nha-dat-nha-tro-dat-nen-gan-thanh-pho-ho-chi-minh-voi-gia-rat-re\">Ng&acirc;n h&agrave;ng thanh l&yacute;&nbsp;</a></span><strong><span data-mce-style=\"color: #000000;\"><u>Nh&agrave;</u></span>, <u>Nh&agrave; trọ</u>, <u>Đất nền thổ cư</u></strong> tại c&aacute;c Khu vực : Thuận An, Dĩ An, Thủ Dầu Một, TP mới B&igrave;nh Dương ...v...v... ==&gt;&gt; <strong><span data-mce-style=\"color: #0000ff;\">Tất cả c&aacute;c t&agrave;i sản tr&ecirc;n đều c&oacute; Sổ hồng ri&ecirc;ng v&agrave; thổ cư 100%</span></strong></p><p>- &nbsp;Giấy tờ minh bạch-mua b&aacute;n sang t&ecirc;n tại ph&ograve;ng c&ocirc;ng chứng-sau 10 ng&agrave;y c&oacute; sổ mang t&ecirc;n kh&aacute;ch ngay )</p><p>- &nbsp;Để việc <span data-mce-style=\"color: #000000;\"><a data-mce-=\"\" data-mce-style=\"color: #000000;\" href=\"http://bandatbinhduong.net.vn/ngan-hang-thanh-ly-nha-dat-nha-tro-dat-nen-gan-thanh-pho-ho-chi-minh-voi-gia-rat-re\">ng&acirc;n h&agrave;ng thanh l&yacute; nh&agrave;</a></span> đất được nhanh hơn <span data-mce-style=\"color: #ff0000;\"><strong>Ng&acirc;n H&agrave;ng hỗ trợ vay 80%</strong></span>, l&atilde;i xuất thấp nhất thị trường.</p><h3><u><strong><span data-mce-style=\"color: #0000ff;\">HOTLINE BỘ PHẬN THANH L&Yacute;</span> : <span data-mce-style=\"color: #0000ff;\">0909.345.598 - 0901.379.463</span> ANH HUY&nbsp;</strong></u></h3><p><strong>&nbsp; &nbsp; <em>&nbsp; &nbsp; C&oacute; xe đi tham quan miễn ph&iacute; v&agrave; c&aacute;c giấy tờ đất ngay tại TPHCM</em></strong></p><p><span data-mce-style=\"text-decoration: underline;\"><strong>1&gt; <span data-mce-style=\"color: #000000;\"><a data-mce-=\"\" data-mce-style=\"color: #000000; text-decoration: underline;\" href=\"http://bandatbinhduong.net.vn/ngan-hang-thanh-ly-nha-dat-nha-tro-dat-nen-gan-thanh-pho-ho-chi-minh-voi-gia-rat-re\">NG&Acirc;N H&Agrave;NG THANH L&Yacute; NH&Agrave;</a></span> ĐẤT THỔ CƯ 100%, SỔ HỒNG TỪNG NỀN:</strong></span></p><p><strong>+ DT 5m x 20m = <span data-mce-style=\"color: #0000ff;\">90 triệu</span></strong> ( MT 16m, đối diện Khu CN Việt - Nhật, gần chợ v&agrave; d&acirc;n cư - đ&ocirc;ng đ&uacute;c )</p><p><strong>+ DT 5m x 30m = <span data-mce-style=\"color: #0000ff;\">115 triệu</span></strong> ( MT 16m, c&aacute;ch trường học cấp 1, 2, 3 v&agrave; chợ trong phạm vi 200m )</p><p><strong>+ DT 5m x 30m = <span data-mce-style=\"color: #0000ff;\">235 triệu</span></strong> ( ngay chợ đang hoạt động, c&aacute;ch nh&agrave; m&aacute;y Vinamilk 150m, d&acirc;n cư đ&ocirc;ng tiện x&acirc;y trọ hoặc kinh doanh, bu&ocirc;n b&aacute;n )</p><p><strong>+ DT 6.7m x 30m = <span data-mce-style=\"color: #0000ff;\">420 triệu</span></strong> ( Nằm ngay trung t&acirc;m Thương mại v&agrave; si&ecirc;u thị H&agrave;n Quốc , MT 25m đường nhựa, d&acirc;n cư đ&ocirc;ng, vị tr&iacute; đẹp )</p><p><span data-mce-style=\"text-decoration: underline;\"><strong>2&gt;<span data-mce-style=\"color: #000000;\"><a data-mce-=\"\" data-mce-style=\"color: #000000; text-decoration: underline;\" href=\"http://bandatbinhduong.net.vn/ngan-hang-thanh-ly-nha-dat-nha-tro-dat-nen-gan-thanh-pho-ho-chi-minh-voi-gia-rat-re\">&nbsp;NG&Acirc;N H&Agrave;NG THANH L&Yacute; NH&Agrave;</a></span> TRỌ ĐANG CHO THU&Ecirc; K&Iacute;N, SỔ HỒNG, THỔ CƯ 100%</strong></span></p><p>+ 1 d&atilde;y 8 ph&ograve;ng gồm: 1kiot + 7 Ph&ograve;ng<strong><span data-mce-style=\"color: #0000ff;\">&nbsp;gi&aacute; 450 triệu</span></strong></p><p>+ 2 d&atilde;y 16 ph&ograve;ng gồm: &nbsp;2kiot + 14 ph&ograve;ng <strong><span data-mce-style=\"color: #0000ff;\">gi&aacute; 55o triệu/d&atilde;y.&nbsp;</span></strong><span data-mce-style=\"color: #0000ff;\"><span data-mce-style=\"color: #000000;\">P</span></span>h&ograve;ng g&aacute;c đ&uacute;c, gạch ốp 1m2, tolet ri&ecirc;ng, kệ bếp )</p><p><span data-mce-style=\"text-decoration: underline;\"><span data-mce-style=\"color: #000000;\"><strong>3&gt; <span data-mce-style=\"color: #000000;\"><a data-mce-=\"\" data-mce-style=\"color: #000000; text-decoration: underline;\" href=\"http://bandatbinhduong.net.vn/ngan-hang-thanh-ly-nha-dat-nha-tro-dat-nen-gan-thanh-pho-ho-chi-minh-voi-gia-rat-re\">NG&Acirc;N H&Agrave;NG THANH L&Yacute; NH&Agrave;&nbsp;</a></span>PHỐ MẶT TIỀN ĐƯỜNG 16M - 62M</strong></span></span></p><p>+ Nh&agrave; 1 trệt 3 lầu, 1 s&acirc;n thượng, 7 ph&ograve;ng ngủ: <strong>DT 5m x 30m = <span data-mce-style=\"color: #0000ff;\">880 triệu</span></strong></p><p>+ Nh&agrave; 1 trệt, 1 lửng 2 lầu, 5 ph&ograve;ng ngủ : <strong>DT 5m x 25m = <span data-mce-style=\"color: #0000ff;\">720 triệu</span></strong></p><h3><u><strong><span data-mce-style=\"color: #0000ff;\">GỌI NGAY BỘ PHẬN THANH L&Yacute;</span> : <span data-mce-style=\"color: #0000ff;\">0909.345.598 - 0901.379.463</span> ANH HUY&nbsp;</strong></u></h3><p><strong>&nbsp; &nbsp; <em>&nbsp; &nbsp; C&oacute; xe đi tham quan miễn ph&iacute; v&agrave; c&aacute;c giấy tờ đất ngay tại TPHCM</em></strong></p><p>-------------------------------------------------------------------------------------------------</p><p>+ Tất cả t&agrave;i sản <span data-mce-style=\"color: #000000;\"><a data-mce-=\"\" data-mce-style=\"color: #000000;\" href=\"http://bandatbinhduong.net.vn/ngan-hang-thanh-ly-nha-dat-nha-tro-dat-nen-gan-thanh-pho-ho-chi-minh-voi-gia-rat-re\">ng&acirc;n h&agrave;ng thanh l&yacute; nh&agrave;</a></span> đều nằm ở <strong>MT đường 16 - 62m.</strong></p><p>+ Đất ở Đ&ocirc; Thị, thổ cư, sổ đỏ ri&ecirc;ng c&ocirc;ng chứng. <strong>C&aacute;ch QL13 chỉ từ 200m.</strong></p><p>+ Khu vực d&acirc;n đ&ocirc;ng tiện x&acirc;y cất nh&agrave; ở, nh&agrave; trọ, villa, biệt thự, mở mặt bằng, kinh doanh, cho thu&ecirc;...</p><p><span data-mce-style=\"color: #ff0000;\"><strong>T&Agrave;I SẢN <span data-mce-style=\"color: #000000;\"><a data-mce-=\"\" data-mce-style=\"color: #000000; text-decoration: underline;\" href=\"http://bandatbinhduong.net.vn/ngan-hang-thanh-ly-nha-dat-nha-tro-dat-nen-gan-thanh-pho-ho-chi-minh-voi-gia-rat-re\">&nbsp;NG&Acirc;N H&Agrave;NG THANH L&Yacute; NH&Agrave;</a></span> Đ&Uacute;NG GI&Aacute; NI&Ecirc;M YẾT ( kh&ocirc;ng đấu gi&aacute; t&agrave;i sản )</strong></span></p><p>C&aacute;c đơn vị, hệ thống SGD nhận giao dịch thực hiện đ&uacute;ng theo qui định tr&ecirc;n.<br><span data-mce-style=\"color: #ff0000;\"><strong>[Gi&aacute; b&aacute;n đ&atilde; bao gồm: Chi ph&iacute; sang t&ecirc;n + Bao Giấy Ph&eacute;p, Bản Vẽ X&acirc;y Dưng]</strong></span></p><p><span data-mce-style=\"color: #0000ff;\"><u><strong>HOTLINE BỘ PHẬN THANH L&Yacute; : 0909.345.598 - 0901.379.463 ( ANH HUY )&nbsp;</strong></u><strong>hỗ trợ 24/24</strong></span></p><p><strong>C&oacute; xe đi tham quan miễn ph&iacute; v&agrave; c&aacute;c giấy tờ đất ngay tại TPHCM</strong></p><dl data-mce-style=\"width: 610px;\"><dt><img data-mce-=\"\" height=\"450\" src=\"http://muabannhadat789.com/public/upload/images/225365.jpg\" class=\"fr-dii fr-draggable\" style=\"width: 600px;\"></dt><dd>ĐẤT G&Oacute;C 2 MẶT TIỀN</dd></dl><dl data-mce-style=\"width: 609px;\"><dt><img data-mce-=\"\" height=\"337\" src=\"http://1.bp.blogspot.com/-plYrQ4eWzy4/VkKWpDd1FtI/AAAAAAAABEY/INTYltW_wbg/s1600/L43%2Bm%25E1%25BB%25B9%2Bph%25C6%25B0%25E1%25BB%259Bc%2B3.jpg\" class=\"fr-dii fr-draggable\" style=\"width: 599px;\"></dt><dd>VỊ TR&Iacute; ĐẤT</dd></dl><dl data-mce-style=\"width: 607px;\"><dt><img data-mce-=\"\" height=\"435\" src=\"http://maunhadepmoi.com/wp-content/uploads/2015/08/xay-nha-tro-gia-re-tphcm1-480x350.png\" class=\"fr-dii fr-draggable\" style=\"width: 597px;\"></dt><dd>NH&Agrave; TRỌ ĐANG B&Aacute;N</dd></dl><dl data-mce-style=\"width: 606px;\"><dt><img data-mce-=\"\" height=\"607\" src=\"https://www.chotot.com/kinhnghiem/wp-content/uploads/2015/04/Thue-nha-Ha-Noi-qua-dang-tu-nhung-chieu-tro-1.png\" class=\"fr-dii fr-draggable\" style=\"width: 596px;\"></dt><dd>NỘI THẤT B&Ecirc;N TRONG PH&Ograve;NG TRỌ</dd></dl><dl data-mce-style=\"width: 599px;\"><dt><img data-mce-=\"\" height=\"785\" src=\"http://nhadatdian24h.com.vn/wp-content/uploads/2015/01/IMG_0318.jpg\" class=\"fr-dii fr-draggable\" style=\"width: 589px;\"></dt><dd>NH&Agrave; ĐANG B&Aacute;N</dd></dl><p><img data-mce-=\"\" height=\"784\" src=\"http://imganuncios.mitula.net/chinh_ch_cho_thue_g_p_ha_mt_ng_n_i_b_8m_khu_c_xa_ai_ra_a_p_13_q_6_8570039446926427620.jpg\" class=\"fr-dii fr-draggable\" style=\"width: 588px;\"></p><dl data-mce-style=\"width: 598px;\"><dt><img alt=\"tien ich dich vu trong tpm binh duong\" data-mce-=\"\" height=\"588\" src=\"http://bandatbinhduong.net.vn/wp-content/uploads/2015/09/tien-ich-dich-vu-trong-tpm-binh-duong.jpg\" class=\"fr-dii fr-draggable\" style=\"width: 588px;\"></dt><dd>TIỆN &Iacute;CH XUNG QUANH V&Agrave; SỔ ĐẤT</dd></dl><p><span data-mce-style=\"color: #0000ff;\"><u><strong>HOTLINE BỘ PHẬN THANH L&Yacute; : 0909.345.598 - 0901.379.463 ( ANH HUY )&nbsp;</strong></u><strong>hỗ trợ 24/24</strong></span></p><p><strong>C&oacute; xe đi tham quan miễn ph&iacute; v&agrave; c&aacute;c giấy tờ đất ngay tại TPHCM</strong></p>','2016-07-01 15:05:18',1,22,'62 Đường 743, Phường Bình Thắng, Thị xã Dĩ An, Bình Dương',120,1000,12,10,2,6,1,0),(14,'BECAMEX tung ra sản phẩm ngay KCN VN-SINGAPORE,VSIP 1 2,KHU THƯƠNG MẠI, BIG C chỉ 279TR/NỀ','becamex-tung-ra-san-pham-ngay-kcn-vn-singaporevsip-1-2khu-thuong-mai-big-c-chi-279trne','<p><br></p><p><span><span><strong><b><span><span><span><span><b><i><b><i><b><i><b><b><b><b><b><span><span><span><span><b><span><span><span><span><b><span><span><span><span><b><b><i><b><i><b><b><b><i><b><b><b><b><b><i>Th&ocirc;ng Tin Sản Phẩm &amp; h&igrave;nh ảnh đất thực tế</i></b></b></b></b></b></i></b></b></b></i></b></i></b></b></span></span></span></span></b></span></span></span></span></b></span></span></span></span></b></b></b></b></b></i></b></i></b></i></b></span></span></span></span></b></strong></span></span></p><p><span><span><span><span><span><strong><span><span><span><span><b><span><span><span><span><b><b><i><b><i><b><b><b><b><i><b><b>1/ DT: 120m2(4X30) gi&aacute; 125tr, MT 16m (c&ograve;n 2 nền)</b></b></i></b></b></b></b></i></b></i></b></b></span></span></span></span></b></span></span></span></span></strong></span><br><span><strong><b><i><b><i><b><b><b><i><b><b><b>2/ DT: 150m2(5X30) gi&aacute; 168-235tr, MT 25m (c&ograve;n 3 nền)</b></b></b></i></b></b></b></i></b></i></b></strong></span><br><span><strong><b><i><b><i><b><i><b><b><b><b><b>3/ DT: 150m2(5X30) gi&aacute; 300tr, MT nhựa 25m (c&ograve;n 4 nền)</b></b></b></b></b></i></b></i></b></i></b></strong></span></span><br><strong><b><i><b><i><b><i><b><b><b><b><b><img alt=\"\" border=\"0\" height=\"223\" src=\"http://kinhdoanhnhadat24h.com/wp-content/uploads/2016/04/imag4823-1452844885-1024x574.jpg\" class=\"fr-dii fr-draggable\" style=\"width: 400px;\"></b></b></b></b></b></i></b></i></b></i></b></strong><br><span><span><strong><b><i><b><i><b><i><b><b><b><b><b>4/ DT: 300m2(10x30) gi&aacute; 310tr, MT nhựa 18m (c&ograve;n 2 nền)</b></b></b></b></b></i></b></i></b></i></b></strong></span><br><span><strong><b><i><b><i><b><i><b><b><b><b><b><b><b>5/ DT: 600m2 (20x30) gi&aacute; 725tr, L&ocirc; Gốc 2MT 25-30m</b></b></b></b></b></b></b></i></b></i></b></i></b></strong></span><br><span><strong><b><i><b><i><b><i><b><b><b><b><b><b>6/ DT: 900m2 (30x30) gi&aacute; 1,330Tỷ, MT nhựa 35m th&ocirc;ng thẳng qua cụm KCN ( đ&atilde; t&aacute;ch 3 sổ ri&ecirc;ng ) th&iacute;ch hợp để x&acirc;y dựng nh&agrave; kho/xưỡng.</b></b></b></b></b></b></i></b></i></b></i></b></strong></span><br><br><span><strong><b><i><b><i><i><b><b><b><b><b><b><b>7/ Nh&agrave; trọ 24p+2Kiot c&oacute; g&aacute;c đ&uacute;c, nh&agrave; vệ sinh+điện nước ri&ecirc;ng trong từng ph&ograve;ng, gạch ốp tường cao 1m3, giữa lối đi 2m chỉ 580tr/d&atilde;y&nbsp;</b></b></b></b></b></b></b></i></i></b></i></b></strong></span></span><br><strong><b><i><b><i><i><b><b><b><b><b><b><b><img alt=\"\" border=\"0\" height=\"299\" src=\"https://lh3.googleusercontent.com/-nFhfooE34Qw/VQKNB15DzkI/AAAAAAAAAtw/ay17VfJ3kQs/w769-h577-no/CAM01723%2B%28FILEminimizer%29.jpg\" class=\"fr-dii fr-draggable\" style=\"width: 400px;\"></b></b></b></b></b></b></b></i></i></b></i></b></strong><br><span><strong><b><i><b><i><i><b><b><b><b><b><b><b><b>HOTLINE MS TR&Uacute;C - 0906.848.766</b></b></b></b></b></b></b></b></i></i></b></i></b></strong></span><br><strong><b><b><b><b><i><b><b><i><b><b><i><b><b><i><img alt=\"\" border=\"0\" height=\"224\" src=\"http://images.tienphong.vn/Uploaded/thien/2014_06_19/9a_EXVA.jpg.ashx?width=600\" class=\"fr-dii fr-draggable\" style=\"width: 400px;\"></i></b></b></i></b></b></i></b></b></i></b></b></b></b></strong><br><br><span><strong><b><b><b><b><i><b><b><i><b><b><i><b><b><i><span><span><span><span><span><span><b><span>ĐẶC BIỆT HƠN:</span></b></span></span></span></span></span></span><br><span><span><span>- <span>Thổ cư 100%</span></span></span></span><br><span><span><span><span>- K&yacute; hợp đồng giao nền x&acirc;y dựng ngay. Kiểu mẫu x&acirc;y dựng tự do.</span></span></span><br><span><span><span>- Miễn ph&iacute; GPXD v&agrave; bản vẽ thiết kế nh&agrave; cho 06 kh&aacute;ch h&agrave;ng đầu ti&ecirc;n.</span></span></span><br><span><span><span>- Ph&aacute;p l&yacute; r&otilde; r&agrave;ng v&agrave; minh bạch, thanh to&aacute;n linh hoạt th&agrave;nh nhiều đợt, k&yacute; hợp đồng trực tiếp chủ đầu tư v&agrave; miễn ph&iacute; c&ocirc;ng chứng bao sang t&ecirc;N</span></span></span></span></i></b></b></i></b></b></i></b></b></i></b></b></b></b></strong></span><br><strong><b><b><b><b><b><i><b><i><b><b><i><b><b><i><img alt=\"\" border=\"0\" height=\"200\" src=\"https://lh4.googleusercontent.com/-81pPM_hBEkw/VL9ZCUhXY6I/AAAAAAAAAqI/FvU8dMLJFsc/w1044-h522-no/DSC_8500.jpg\" class=\"fr-dii fr-draggable\" style=\"width: 400px;\"></i></b></b></i></b></b></i></b></i></b></b></b></b></b></strong><br><span><strong>LI&Ecirc;N HỆ C.TR&Uacute;C 0906.848.766 - 0168.6224.683 ĐỂ ĐƯỢC HỖ TRỢ TẬN T&Igrave;NH!</strong></span></span></span></span><span><span>- Tặng ngay 01-05 chỉ v&agrave;ng SJC cho kh&aacute;ch h&agrave;ng giao dịch th&agrave;nh c&ocirc;ng.</span></span></p><p><br></p><p><span><span>- Tặng ngay sổ tiết kiệm 5-20 triệu cho kh&aacute;ch h&agrave;ng giao dịch th&agrave;nh c&ocirc;ng</span></span></p><p><br></p><p><span><span>- Chương tr&igrave;nh b&oacute;c thăm tr&uacute;ng thưởng hấp dẫn với tổng gi&aacute; trị giải thưởng l&ecirc;n tới 5 tỷ đồng: 10 xe hơi, 100 Vespa, 1000 chỉ v&agrave;ng, g&oacute;i nội thất cao cấp.</span></span></p><p><br></p><p><span><span><strong>LI&Ecirc;N HỆ C.TR&Uacute;C 0906.848.766 ĐỂ ĐƯỢC TƯ VẤN HỖ TRỢ NHIỆT T&Igrave;NH!</strong></span></span></p>','2016-07-02 14:14:10',3,22,'Đường 22 tháng 12, Phường An Thạnh, Thị xã Thuận An, Bình Dương',120,1000,12,12,2,6,1,0);

UNLOCK TABLES;

/*Table structure for table `tbl_tintuc` */

DROP TABLE IF EXISTS `tbl_tintuc`;

CREATE TABLE `tbl_tintuc` (
  `id_tintuc` int(10) unsigned NOT NULL AUTO_INCREMENT,
  `title` text,
  `content` longtext,
  `date` datetime DEFAULT NULL,
  `id_user` int(11) DEFAULT NULL,
  `active` tinyint(9) unsigned NOT NULL DEFAULT '1',
  `deleted` tinyint(9) unsigned NOT NULL DEFAULT '0',
  PRIMARY KEY (`id_tintuc`)
) ENGINE=InnoDB AUTO_INCREMENT=8 DEFAULT CHARSET=utf8;

/*Data for the table `tbl_tintuc` */

LOCK TABLES `tbl_tintuc` WRITE;

insert  into `tbl_tintuc`(`id_tintuc`,`title`,`content`,`date`,`id_user`,`active`,`deleted`) values (1,'Doanh nghiệp vàng muốn bỏ giấy phép con','<p>Ng&agrave;y 30-6, trao đổi với ph&oacute;ng vi&ecirc;n B&aacute;o Người Lao Động, &ocirc;ng Nguyễn Th&agrave;nh Long, Chủ tịch Hiệp hội Kinh doanh v&agrave;ng Việt Nam (VGTA), cho biết thời gian qua, c&aacute;c giải ph&aacute;p b&igrave;nh ổn thị trường v&agrave;ng, chống v&agrave;ng h&oacute;a nền <a href=\"http://www.24h.com.vn/tai-chinh-bat-dong-san-c161.html\" title=\"kinh tế\">kinh tế</a> được <a href=\"http://www.24h.com.vn/ngan-hang-c587.html\" title=\"Ngân hàng\">Ng&acirc;n h&agrave;ng</a> (NH) Nh&agrave; nước &aacute;p dụng đ&atilde; đem lại hiệu quả. Tuy nhi&ecirc;n, qua giai đoạn mới, thị trường v&agrave;ng - nhất l&agrave; v&agrave;ng trang sức mỹ nghệ - phải theo cơ chế thị trường chứ kh&ocirc;ng thể siết chặt m&atilde;i. Hiện nay, c&oacute; qu&aacute; nhiều giấy ph&eacute;p con &aacute;p dụng đối với doanh nghiệp (DN) sản xuất v&agrave;ng trang sức mỹ nghệ.</p><p><strong>Bị &ldquo;tr&oacute;i tay&rdquo;</strong></p><p>Trước đ&oacute;, VGTA đ&atilde; gửi văn bản kiến nghị tới Thủ tướng Ch&iacute;nh phủ về việc b&atilde;i bỏ c&aacute;c giấy ph&eacute;p con trong lĩnh vực v&agrave;ng nhằm th&aacute;o gỡ kh&oacute; khăn cho DN, r&agrave; so&aacute;t c&aacute;c quy định điều kiện kinh doanh theo Luật DN 2014, Luật Đầu tư 2014 v&agrave; chỉ đạo của Thủ tướng tại Nghị quyết 35/NQ-CP.</p><p align=\"center\"><img alt=\"Doanh nghiệp vàng muốn bỏ giấy phép con - 1\" src=\"http://image.24h.com.vn/upload/3-2016/images/2016-07-01/1467334605-doanh-nghiep-vang-muon-bo-giay-phep-con.jpg\" class=\"fr-dii fr-draggable\" style=\"width: 500px;\"></p><p>Doanh nghiệp kiến nghị Ch&iacute;nh phủ b&atilde;i bỏ c&aacute;c điều kiện bất hợp l&yacute; trong lĩnh vực kinh doanh v&agrave;ng trang sức Ảnh: TẤN THẠNH</p><p>Tại văn bản n&agrave;y, VGTA cho rằng Th&ocirc;ng tư 16/2012 v&agrave; Th&ocirc;ng tư 38/2016 của NH Nh&agrave; nước ban h&agrave;nh nhằm triển khai Nghị định 24/2012 của Ch&iacute;nh phủ về quản l&yacute; thị trường v&agrave;ng, trong đ&oacute; y&ecirc;u cầu điều kiện cấp giấy ph&eacute;p kinh doanh mua b&aacute;n v&agrave;ng miếng, DN phải đăng k&yacute; địa điểm chi nh&aacute;nh, địa điểm kinh doanh chờ NH Nh&agrave; nước xem x&eacute;t. Đồng thời, mỗi lần điều chỉnh địa điểm lại phải xin ph&eacute;p NH Nh&agrave; nước, trong khi c&aacute;c ti&ecirc;u ch&iacute; xem x&eacute;t kh&ocirc;ng được c&ocirc;ng khai, kh&ocirc;ng đ&uacute;ng thời gian giải quyết hồ sơ theo thủ tục h&agrave;nh ch&iacute;nh, g&acirc;y kh&oacute; cho DN.</p><p>Theo nhiều DN kinh doanh v&agrave;ng, khi DN được cấp giấy ph&eacute;p kinh doanh mua b&aacute;n v&agrave;ng miếng đồng nghĩa tất cả chi nh&aacute;nh, địa điểm kinh doanh trực thuộc kh&ocirc;ng phải xin ph&eacute;p m&agrave; chỉ cần l&agrave;m th&ocirc;ng b&aacute;o tăng mạng lưới để tr&aacute;nh &ldquo;đẻ&rdquo; th&ecirc;m giấy ph&eacute;p con. &ldquo;Từng địa chỉ mua b&aacute;n v&agrave;ng miếng cũng phải đăng k&yacute; với NH Nh&agrave; nước g&acirc;y tốn k&eacute;m rất nhiều chi ph&iacute; v&agrave; thời gian cho DN, trong khi kinh doanh thuận lợi hay ế ẩm lại do thị trường quyết định&rdquo; - &ocirc;ng Long nh&igrave;n nhận.</p><p>Trong điều kiện cấp ph&eacute;p kinh doanh v&agrave;ng miếng, VGTA cho rằng Nghị định 24/2012 đ&atilde; y&ecirc;u cầu giấy x&aacute;c nhận nộp thuế của cơ quan thuế nhưng Th&ocirc;ng tư 38/2016 vẫn y&ecirc;u cầu phải c&oacute; th&ecirc;m &ldquo;b&aacute;o c&aacute;o <a href=\"http://www.24h.com.vn/tai-chinh-bat-dong-san-c161.html\" title=\"tài chính\">t&agrave;i ch&iacute;nh</a> đ&atilde; được kiểm to&aacute;n của 2 năm liền kề trước đ&oacute;&rdquo; l&agrave; ph&aacute;t sinh th&ecirc;m thủ tục. Với hồ sơ cấp giấy ph&eacute;p sản xuất v&agrave;ng trang sức mỹ nghệ, Th&ocirc;ng tư 38/2016 cũng y&ecirc;u cầu th&ecirc;m &ldquo;bản kế hoạch dự kiến thực hiện quy định của ph&aacute;p luật về quản l&yacute; chất lượng v&agrave;ng trang sức mỹ nghệ&rdquo; vốn thuộc thẩm quyền của Bộ Khoa học v&agrave; C&ocirc;ng nghệ, theo VGTA l&agrave; kh&ocirc;ng ph&ugrave; hợp. C&aacute;c ti&ecirc;u ch&iacute; x&eacute;t duyệt hồ sơ cũng kh&ocirc;ng r&otilde; r&agrave;ng thế n&agrave;o l&agrave; đạt, dễ ph&aacute;t sinh nguy cơ thiếu minh bạch đối với DN.</p><p><strong>Muốn được b&igrave;nh đẳng</strong></p><p>Một trong những kiến nghị của VGTA tới Thủ tướng Ch&iacute;nh phủ l&agrave; vốn t&iacute;n dụng cho DN v&agrave;ng trang sức mỹ nghệ. &Ocirc;ng Nguyễn Th&agrave;nh Long cho rằng v&agrave;ng trang sức mỹ nghệ l&agrave; h&agrave;ng h&oacute;a th&ocirc;ng thường, kh&ocirc;ng thuộc đối tượng bị hạn chế kinh doanh hay kinh doanh c&oacute; điều kiện theo quy định hiện h&agrave;nh. Nếu NH Nh&agrave; nước hạn chế quyền vay vốn t&iacute;n dụng của c&aacute;c DN sản xuất, kinh doanh v&agrave;ng trang sức mỹ nghệ sẽ tr&aacute;i với tinh thần Nghị quyết 35/NĐ-CP về hỗ trợ v&agrave; ph&aacute;t triển DN.</p><p>Trước đ&oacute;, theo quy định trong c&aacute;c th&ocirc;ng tư của NH Nh&agrave; nước, DN sản xuất v&agrave;ng trang sức mỹ nghệ chỉ được vay vốn t&iacute;n dụng khi c&oacute; sự chấp thuận của thống đốc. &ldquo;Hơn 4 năm qua, chưa DN n&agrave;o được vay vốn từ NH thương mại để sản xuất, kinh doanh v&agrave;ng trang sức mỹ nghệ. Cơ quan quản l&yacute; cũng chưa c&oacute; hướng dẫn cụ thể về nguy&ecirc;n tắc, điều kiện v&agrave; thủ tục tr&igrave;nh thống đốc xin vay vốn&rdquo; - &ocirc;ng Long n&ecirc;u r&otilde;.</p><p>Theo Luật Đầu tư 2014, hoạt động vay vốn t&iacute;n dụng phục vụ sản xuất, kinh doanh v&agrave;ng trang sức mỹ nghệ kh&ocirc;ng thuộc ng&agrave;nh nghề kinh doanh c&oacute; điều kiện. Ngo&agrave;i ra, Thủ tướng cũng đ&atilde; chỉ đạo nếu những th&ocirc;ng tư kh&ocirc;ng được n&acirc;ng cấp l&ecirc;n th&agrave;nh nghị định th&igrave; sau ng&agrave;y 1-7 sẽ hết hiệu lực thi h&agrave;nh.</p><p>&ldquo;Một số ng&agrave;nh nghề kinh doanh kh&aacute;c c&oacute; rủi ro cũng được tiếp cận vốn t&iacute;n dụng, trong khi DN v&agrave;ng trang sức kh&ocirc;ng được vay vốn l&agrave; chưa c&ocirc;ng bằng. Khi vay vốn, c&aacute;c NH thương mại sẽ quyết định hiệu quả hoạt động của DN v&agrave;ng trang sức để cấp t&iacute;n dụng n&ecirc;n hiệp hội mong muốn DN trong ng&agrave;nh được &ldquo;trả về thị trường&rdquo; - &ocirc;ng Long kiến nghị.</p><p>Chủ tịch Hội Mỹ nghệ kim ho&agrave;n TP HCM Nguyễn Văn Dưng nh&igrave;n nhận hoạt động sản xuất, kinh doanh v&agrave;ng trang sức mỹ nghệ của c&aacute;c DN thời gian qua gặp rất nhiều kh&oacute; khăn v&agrave; bị tr&oacute;i buộc bằng những cơ chế, ch&iacute;nh s&aacute;ch kh&ocirc;ng thuận lợi như những ng&agrave;nh kh&aacute;c. Đ&acirc;y chỉ l&agrave; một ng&agrave;nh giống như kinh doanh c&aacute;c loại h&agrave;ng h&oacute;a th&ocirc;ng thường nhưng DN lại kh&ocirc;ng được tạo điều kiện ph&aacute;t triển tương xứng.</p><p>Ngay việc nhập khẩu v&agrave;ng nguy&ecirc;n liệu để sản xuất v&agrave;ng trang sức mỹ nghệ, theo c&aacute;c DN v&agrave;ng, nhu cầu của thị trường Việt Nam mỗi năm khoảng 15-20 tấn kh&ocirc;ng phải qu&aacute; lớn để g&acirc;y x&aacute;o trộn nền kinh tế. Tuy nhi&ecirc;n, suốt 4 năm qua, do kh&ocirc;ng được cấp ph&eacute;p nhập khẩu v&agrave;ng để sản xuất v&agrave;ng trang sức mỹ nghệ đ&atilde; khiến cả ng&agrave;nh v&agrave;ng ở v&agrave;o thế &ldquo;ch&ocirc;ng ch&ecirc;nh&rdquo;, phải mua nguy&ecirc;n liệu tr&ocirc;i nổi, thậm ch&iacute; cả nguy&ecirc;n liệu v&agrave;ng kh&ocirc;ng hợp ph&aacute;p để sản xuất.</p><p>Một chuy&ecirc;n gia trong lĩnh vực v&agrave;ng cho rằng quy m&ocirc; thị trường v&agrave;ng trang sức của Việt Nam rất lớn nhưng thiếu m&ocirc;i trường kinh doanh thuận lợi để c&aacute;c DN ph&aacute;t triển tương xứng. Trong khi đ&oacute;, trang sức Việt đang phải cạnh tranh gay gắt tr&ecirc;n s&acirc;n nh&agrave; v&agrave; khi hội nhập với c&aacute;c hiệp định thương mại, trang sức ngoại tr&agrave;n v&agrave;o.</p><p>&ldquo;Nếu kh&ocirc;ng c&oacute; chiến lược ph&aacute;t triển ng&agrave;nh trang sức theo hướng n&acirc;ng cao năng lực cạnh tranh cho c&aacute;c DN vừa v&agrave; nhỏ, thị trường v&agrave;ng nữ trang Việt Nam trong tương lai c&oacute; nguy cơ phải &ldquo;nhường s&acirc;n&rdquo; cho h&agrave;ng ngoại&rdquo; - vị n&agrave;y lo ngại.</p><p>Chiều 30-6, một l&atilde;nh đạo NH Nh&agrave; nước cho biết đ&atilde; nhận được văn bản kiến nghị của VGTA v&agrave; đ&atilde; chuyển cho c&aacute;c vụ, cục chức năng để r&agrave; so&aacute;t c&aacute;c quy định theo đ&uacute;ng luật, tr&igrave;nh Thống đốc v&agrave; Thủ tướng xem x&eacute;t. Theo vị n&agrave;y, những kiến nghị của VGTA mới chỉ từ ph&iacute;a c&aacute;c DN n&ecirc;n NH Nh&agrave; nước sẽ nghi&ecirc;n cứu quy định để trả lời trong thời gian sớm nhất.</p>','2016-07-02 15:25:17',NULL,1,1),(2,'Doanh nghiệp vàng muốn bỏ giấy phép con','<p>Ng&agrave;y 30-6, trao đổi với ph&oacute;ng vi&ecirc;n B&aacute;o Người Lao Động, &ocirc;ng Nguyễn Th&agrave;nh Long, Chủ tịch Hiệp hội Kinh doanh v&agrave;ng Việt Nam (VGTA), cho biết thời gian qua, c&aacute;c giải ph&aacute;p b&igrave;nh ổn thị trường v&agrave;ng, chống v&agrave;ng h&oacute;a nền <a href=\"http://www.24h.com.vn/tai-chinh-bat-dong-san-c161.html\" title=\"kinh tế\">kinh tế</a> được <a href=\"http://www.24h.com.vn/ngan-hang-c587.html\" title=\"Ngân hàng\">Ng&acirc;n h&agrave;ng</a> (NH) Nh&agrave; nước &aacute;p dụng đ&atilde; đem lại hiệu quả. Tuy nhi&ecirc;n, qua giai đoạn mới, thị trường v&agrave;ng - nhất l&agrave; v&agrave;ng trang sức mỹ nghệ - phải theo cơ chế thị trường chứ kh&ocirc;ng thể siết chặt m&atilde;i. Hiện nay, c&oacute; qu&aacute; nhiều giấy ph&eacute;p con &aacute;p dụng đối với doanh nghiệp (DN) sản xuất v&agrave;ng trang sức mỹ nghệ.</p><p><strong>Bị &ldquo;tr&oacute;i tay&rdquo;</strong></p><p>Trước đ&oacute;, VGTA đ&atilde; gửi văn bản kiến nghị tới Thủ tướng Ch&iacute;nh phủ về việc b&atilde;i bỏ c&aacute;c giấy ph&eacute;p con trong lĩnh vực v&agrave;ng nhằm th&aacute;o gỡ kh&oacute; khăn cho DN, r&agrave; so&aacute;t c&aacute;c quy định điều kiện kinh doanh theo Luật DN 2014, Luật Đầu tư 2014 v&agrave; chỉ đạo của Thủ tướng tại Nghị quyết 35/NQ-CP.</p><p align=\"center\"><img alt=\"Doanh nghiệp vàng muốn bỏ giấy phép con - 1\" src=\"http://image.24h.com.vn/upload/3-2016/images/2016-07-01/1467334605-doanh-nghiep-vang-muon-bo-giay-phep-con.jpg\" class=\"fr-dii fr-draggable\" style=\"width: 500px;\"></p><p>Doanh nghiệp kiến nghị Ch&iacute;nh phủ b&atilde;i bỏ c&aacute;c điều kiện bất hợp l&yacute; trong lĩnh vực kinh doanh v&agrave;ng trang sức Ảnh: TẤN THẠNH</p><p>Tại văn bản n&agrave;y, VGTA cho rằng Th&ocirc;ng tư 16/2012 v&agrave; Th&ocirc;ng tư 38/2016 của NH Nh&agrave; nước ban h&agrave;nh nhằm triển khai Nghị định 24/2012 của Ch&iacute;nh phủ về quản l&yacute; thị trường v&agrave;ng, trong đ&oacute; y&ecirc;u cầu điều kiện cấp giấy ph&eacute;p kinh doanh mua b&aacute;n v&agrave;ng miếng, DN phải đăng k&yacute; địa điểm chi nh&aacute;nh, địa điểm kinh doanh chờ NH Nh&agrave; nước xem x&eacute;t. Đồng thời, mỗi lần điều chỉnh địa điểm lại phải xin ph&eacute;p NH Nh&agrave; nước, trong khi c&aacute;c ti&ecirc;u ch&iacute; xem x&eacute;t kh&ocirc;ng được c&ocirc;ng khai, kh&ocirc;ng đ&uacute;ng thời gian giải quyết hồ sơ theo thủ tục h&agrave;nh ch&iacute;nh, g&acirc;y kh&oacute; cho DN.</p><p>Theo nhiều DN kinh doanh v&agrave;ng, khi DN được cấp giấy ph&eacute;p kinh doanh mua b&aacute;n v&agrave;ng miếng đồng nghĩa tất cả chi nh&aacute;nh, địa điểm kinh doanh trực thuộc kh&ocirc;ng phải xin ph&eacute;p m&agrave; chỉ cần l&agrave;m th&ocirc;ng b&aacute;o tăng mạng lưới để tr&aacute;nh &ldquo;đẻ&rdquo; th&ecirc;m giấy ph&eacute;p con. &ldquo;Từng địa chỉ mua b&aacute;n v&agrave;ng miếng cũng phải đăng k&yacute; với NH Nh&agrave; nước g&acirc;y tốn k&eacute;m rất nhiều chi ph&iacute; v&agrave; thời gian cho DN, trong khi kinh doanh thuận lợi hay ế ẩm lại do thị trường quyết định&rdquo; - &ocirc;ng Long nh&igrave;n nhận.</p><p>Trong điều kiện cấp ph&eacute;p kinh doanh v&agrave;ng miếng, VGTA cho rằng Nghị định 24/2012 đ&atilde; y&ecirc;u cầu giấy x&aacute;c nhận nộp thuế của cơ quan thuế nhưng Th&ocirc;ng tư 38/2016 vẫn y&ecirc;u cầu phải c&oacute; th&ecirc;m &ldquo;b&aacute;o c&aacute;o <a href=\"http://www.24h.com.vn/tai-chinh-bat-dong-san-c161.html\" title=\"tài chính\">t&agrave;i ch&iacute;nh</a> đ&atilde; được kiểm to&aacute;n của 2 năm liền kề trước đ&oacute;&rdquo; l&agrave; ph&aacute;t sinh th&ecirc;m thủ tục. Với hồ sơ cấp giấy ph&eacute;p sản xuất v&agrave;ng trang sức mỹ nghệ, Th&ocirc;ng tư 38/2016 cũng y&ecirc;u cầu th&ecirc;m &ldquo;bản kế hoạch dự kiến thực hiện quy định của ph&aacute;p luật về quản l&yacute; chất lượng v&agrave;ng trang sức mỹ nghệ&rdquo; vốn thuộc thẩm quyền của Bộ Khoa học v&agrave; C&ocirc;ng nghệ, theo VGTA l&agrave; kh&ocirc;ng ph&ugrave; hợp. C&aacute;c ti&ecirc;u ch&iacute; x&eacute;t duyệt hồ sơ cũng kh&ocirc;ng r&otilde; r&agrave;ng thế n&agrave;o l&agrave; đạt, dễ ph&aacute;t sinh nguy cơ thiếu minh bạch đối với DN.</p><p><strong>Muốn được b&igrave;nh đẳng</strong></p><p>Một trong những kiến nghị của VGTA tới Thủ tướng Ch&iacute;nh phủ l&agrave; vốn t&iacute;n dụng cho DN v&agrave;ng trang sức mỹ nghệ. &Ocirc;ng Nguyễn Th&agrave;nh Long cho rằng v&agrave;ng trang sức mỹ nghệ l&agrave; h&agrave;ng h&oacute;a th&ocirc;ng thường, kh&ocirc;ng thuộc đối tượng bị hạn chế kinh doanh hay kinh doanh c&oacute; điều kiện theo quy định hiện h&agrave;nh. Nếu NH Nh&agrave; nước hạn chế quyền vay vốn t&iacute;n dụng của c&aacute;c DN sản xuất, kinh doanh v&agrave;ng trang sức mỹ nghệ sẽ tr&aacute;i với tinh thần Nghị quyết 35/NĐ-CP về hỗ trợ v&agrave; ph&aacute;t triển DN.</p><p>Trước đ&oacute;, theo quy định trong c&aacute;c th&ocirc;ng tư của NH Nh&agrave; nước, DN sản xuất v&agrave;ng trang sức mỹ nghệ chỉ được vay vốn t&iacute;n dụng khi c&oacute; sự chấp thuận của thống đốc. &ldquo;Hơn 4 năm qua, chưa DN n&agrave;o được vay vốn từ NH thương mại để sản xuất, kinh doanh v&agrave;ng trang sức mỹ nghệ. Cơ quan quản l&yacute; cũng chưa c&oacute; hướng dẫn cụ thể về nguy&ecirc;n tắc, điều kiện v&agrave; thủ tục tr&igrave;nh thống đốc xin vay vốn&rdquo; - &ocirc;ng Long n&ecirc;u r&otilde;.</p><p>Theo Luật Đầu tư 2014, hoạt động vay vốn t&iacute;n dụng phục vụ sản xuất, kinh doanh v&agrave;ng trang sức mỹ nghệ kh&ocirc;ng thuộc ng&agrave;nh nghề kinh doanh c&oacute; điều kiện. Ngo&agrave;i ra, Thủ tướng cũng đ&atilde; chỉ đạo nếu những th&ocirc;ng tư kh&ocirc;ng được n&acirc;ng cấp l&ecirc;n th&agrave;nh nghị định th&igrave; sau ng&agrave;y 1-7 sẽ hết hiệu lực thi h&agrave;nh.</p><p>&ldquo;Một số ng&agrave;nh nghề kinh doanh kh&aacute;c c&oacute; rủi ro cũng được tiếp cận vốn t&iacute;n dụng, trong khi DN v&agrave;ng trang sức kh&ocirc;ng được vay vốn l&agrave; chưa c&ocirc;ng bằng. Khi vay vốn, c&aacute;c NH thương mại sẽ quyết định hiệu quả hoạt động của DN v&agrave;ng trang sức để cấp t&iacute;n dụng n&ecirc;n hiệp hội mong muốn DN trong ng&agrave;nh được &ldquo;trả về thị trường&rdquo; - &ocirc;ng Long kiến nghị.</p><p>Chủ tịch Hội Mỹ nghệ kim ho&agrave;n TP HCM Nguyễn Văn Dưng nh&igrave;n nhận hoạt động sản xuất, kinh doanh v&agrave;ng trang sức mỹ nghệ của c&aacute;c DN thời gian qua gặp rất nhiều kh&oacute; khăn v&agrave; bị tr&oacute;i buộc bằng những cơ chế, ch&iacute;nh s&aacute;ch kh&ocirc;ng thuận lợi như những ng&agrave;nh kh&aacute;c. Đ&acirc;y chỉ l&agrave; một ng&agrave;nh giống như kinh doanh c&aacute;c loại h&agrave;ng h&oacute;a th&ocirc;ng thường nhưng DN lại kh&ocirc;ng được tạo điều kiện ph&aacute;t triển tương xứng.</p><p>Ngay việc nhập khẩu v&agrave;ng nguy&ecirc;n liệu để sản xuất v&agrave;ng trang sức mỹ nghệ, theo c&aacute;c DN v&agrave;ng, nhu cầu của thị trường Việt Nam mỗi năm khoảng 15-20 tấn kh&ocirc;ng phải qu&aacute; lớn để g&acirc;y x&aacute;o trộn nền kinh tế. Tuy nhi&ecirc;n, suốt 4 năm qua, do kh&ocirc;ng được cấp ph&eacute;p nhập khẩu v&agrave;ng để sản xuất v&agrave;ng trang sức mỹ nghệ đ&atilde; khiến cả ng&agrave;nh v&agrave;ng ở v&agrave;o thế &ldquo;ch&ocirc;ng ch&ecirc;nh&rdquo;, phải mua nguy&ecirc;n liệu tr&ocirc;i nổi, thậm ch&iacute; cả nguy&ecirc;n liệu v&agrave;ng kh&ocirc;ng hợp ph&aacute;p để sản xuất.</p><p>Một chuy&ecirc;n gia trong lĩnh vực v&agrave;ng cho rằng quy m&ocirc; thị trường v&agrave;ng trang sức của Việt Nam rất lớn nhưng thiếu m&ocirc;i trường kinh doanh thuận lợi để c&aacute;c DN ph&aacute;t triển tương xứng. Trong khi đ&oacute;, trang sức Việt đang phải cạnh tranh gay gắt tr&ecirc;n s&acirc;n nh&agrave; v&agrave; khi hội nhập với c&aacute;c hiệp định thương mại, trang sức ngoại tr&agrave;n v&agrave;o.</p><p>&ldquo;Nếu kh&ocirc;ng c&oacute; chiến lược ph&aacute;t triển ng&agrave;nh trang sức theo hướng n&acirc;ng cao năng lực cạnh tranh cho c&aacute;c DN vừa v&agrave; nhỏ, thị trường v&agrave;ng nữ trang Việt Nam trong tương lai c&oacute; nguy cơ phải &ldquo;nhường s&acirc;n&rdquo; cho h&agrave;ng ngoại&rdquo; - vị n&agrave;y lo ngại.</p><p>Chiều 30-6, một l&atilde;nh đạo NH Nh&agrave; nước cho biết đ&atilde; nhận được văn bản kiến nghị của VGTA v&agrave; đ&atilde; chuyển cho c&aacute;c vụ, cục chức năng để r&agrave; so&aacute;t c&aacute;c quy định theo đ&uacute;ng luật, tr&igrave;nh Thống đốc v&agrave; Thủ tướng xem x&eacute;t. Theo vị n&agrave;y, những kiến nghị của VGTA mới chỉ từ ph&iacute;a c&aacute;c DN n&ecirc;n NH Nh&agrave; nước sẽ nghi&ecirc;n cứu quy định để trả lời trong thời gian sớm nhất.</p>','2016-07-02 15:26:03',NULL,1,1),(3,'Doanh nghiệp vàng muốn bỏ ','<p>Ng&agrave;y 30-6, trao đổi với ph&oacute;ng vi&ecirc;n B&aacute;o Người Lao Động, &ocirc;ng Nguyễn Th&agrave;nh Long, Chủ tịch Hiệp hội Kinh doanh v&agrave;ng Việt Nam (VGTA), cho biết thời gian qua, c&aacute;c giải ph&aacute;p b&igrave;nh ổn thị trường v&agrave;ng, chống v&agrave;ng h&oacute;a nền <a href=\"http://www.24h.com.vn/tai-chinh-bat-dong-san-c161.html\" title=\"kinh tế\">kinh tế</a> được <a href=\"http://www.24h.com.vn/ngan-hang-c587.html\" title=\"Ngân hàng\">Ng&acirc;n h&agrave;ng</a> (NH) Nh&agrave; nước &aacute;p dụng đ&atilde; đem lại hiệu quả. Tuy nhi&ecirc;n, qua giai đoạn mới, thị trường v&agrave;ng - nhất l&agrave; v&agrave;ng trang sức mỹ nghệ - phải theo cơ chế thị trường chứ kh&ocirc;ng thể siết chặt m&atilde;i. Hiện nay, c&oacute; qu&aacute; nhiều giấy ph&eacute;p con &aacute;p dụng đối với doanh nghiệp (DN) sản xuất v&agrave;ng trang sức mỹ nghệ.</p><p><strong>Bị &ldquo;tr&oacute;i tay&rdquo;</strong></p><p>Trước đ&oacute;, VGTA đ&atilde; gửi văn bản kiến nghị tới Thủ tướng Ch&iacute;nh phủ về việc b&atilde;i bỏ c&aacute;c giấy ph&eacute;p con trong lĩnh vực v&agrave;ng nhằm th&aacute;o gỡ kh&oacute; khăn cho DN, r&agrave; so&aacute;t c&aacute;c quy định điều kiện kinh doanh theo Luật DN 2014, Luật Đầu tư 2014 v&agrave; chỉ đạo của Thủ tướng tại Nghị quyết 35/NQ-CP.</p><p align=\"center\"><br></p><p>Doanh nghiệp kiến nghị Ch&iacute;nh phủ b&atilde;i bỏ c&aacute;c điều kiện bất hợp l&yacute; trong lĩnh vực kinh doanh v&agrave;ng trang sức Ảnh: TẤN THẠNH</p><p>Tại văn bản n&agrave;y, VGTA cho rằng Th&ocirc;ng tư 16/2012 v&agrave; Th&ocirc;ng tư 38/2016 của NH Nh&agrave; nước ban h&agrave;nh nhằm triển khai Nghị định 24/2012 của Ch&iacute;nh phủ về quản l&yacute; thị trường v&agrave;ng, trong đ&oacute; y&ecirc;u cầu điều kiện cấp giấy ph&eacute;p kinh doanh mua b&aacute;n v&agrave;ng miếng, DN phải đăng k&yacute; địa điểm chi nh&aacute;nh, địa điểm kinh doanh chờ NH Nh&agrave; nước xem x&eacute;t. Đồng thời, mỗi lần điều chỉnh địa điểm lại phải xin ph&eacute;p NH Nh&agrave; nước, trong khi c&aacute;c ti&ecirc;u ch&iacute; xem x&eacute;t kh&ocirc;ng được c&ocirc;ng khai, kh&ocirc;ng đ&uacute;ng thời gian giải quyết hồ sơ theo thủ tục h&agrave;nh ch&iacute;nh, g&acirc;y kh&oacute; cho DN.</p><p>Theo nhiều DN kinh doanh v&agrave;ng, khi DN được cấp giấy ph&eacute;p kinh doanh mua b&aacute;n v&agrave;ng miếng đồng nghĩa tất cả chi nh&aacute;nh, địa điểm kinh doanh trực thuộc kh&ocirc;ng phải xin ph&eacute;p m&agrave; chỉ cần l&agrave;m th&ocirc;ng b&aacute;o tăng mạng lưới để tr&aacute;nh &ldquo;đẻ&rdquo; th&ecirc;m giấy ph&eacute;p con. &ldquo;Từng địa chỉ mua b&aacute;n v&agrave;ng miếng cũng phải đăng k&yacute; với NH Nh&agrave; nước g&acirc;y tốn k&eacute;m rất nhiều chi ph&iacute; v&agrave; thời gian cho DN, trong khi kinh doanh thuận lợi hay ế ẩm lại do thị trường quyết định&rdquo; - &ocirc;ng Long nh&igrave;n nhận.</p><p>Trong điều kiện cấp ph&eacute;p kinh doanh v&agrave;ng miếng, VGTA cho rằng Nghị định 24/2012 đ&atilde; y&ecirc;u cầu giấy x&aacute;c nhận nộp thuế của cơ quan thuế nhưng Th&ocirc;ng tư 38/2016 vẫn y&ecirc;u cầu phải c&oacute; th&ecirc;m &ldquo;b&aacute;o c&aacute;o <a href=\"http://www.24h.com.vn/tai-chinh-bat-dong-san-c161.html\" title=\"tài chính\">t&agrave;i ch&iacute;nh</a> đ&atilde; được kiểm to&aacute;n của 2 năm liền kề trước đ&oacute;&rdquo; l&agrave; ph&aacute;t sinh th&ecirc;m thủ tục. Với hồ sơ cấp giấy ph&eacute;p sản xuất v&agrave;ng trang sức mỹ nghệ, Th&ocirc;ng tư 38/2016 cũng y&ecirc;u cầu th&ecirc;m &ldquo;bản kế hoạch dự kiến thực hiện quy định của ph&aacute;p luật về quản l&yacute; chất lượng v&agrave;ng trang sức mỹ nghệ&rdquo; vốn thuộc thẩm quyền của Bộ Khoa học v&agrave; C&ocirc;ng nghệ, theo VGTA l&agrave; kh&ocirc;ng ph&ugrave; hợp. C&aacute;c ti&ecirc;u ch&iacute; x&eacute;t duyệt hồ sơ cũng kh&ocirc;ng r&otilde; r&agrave;ng thế n&agrave;o l&agrave; đạt, dễ ph&aacute;t sinh nguy cơ thiếu minh bạch đối với DN.</p><p><strong>Muốn được b&igrave;nh đẳng</strong></p><p>Một trong những kiến nghị của VGTA tới Thủ tướng Ch&iacute;nh phủ l&agrave; vốn t&iacute;n dụng cho DN v&agrave;ng trang sức mỹ nghệ. &Ocirc;ng Nguyễn Th&agrave;nh Long cho rằng v&agrave;ng trang sức mỹ nghệ l&agrave; h&agrave;ng h&oacute;a th&ocirc;ng thường, kh&ocirc;ng thuộc đối tượng bị hạn chế kinh doanh hay kinh doanh c&oacute; điều kiện theo quy định hiện h&agrave;nh. Nếu NH Nh&agrave; nước hạn chế quyền vay vốn t&iacute;n dụng của c&aacute;c DN sản xuất, kinh doanh v&agrave;ng trang sức mỹ nghệ sẽ tr&aacute;i với tinh thần Nghị quyết 35/NĐ-CP về hỗ trợ v&agrave; ph&aacute;t triển DN.</p><p>Trước đ&oacute;, theo quy định trong c&aacute;c th&ocirc;ng tư của NH Nh&agrave; nước, DN sản xuất v&agrave;ng trang sức mỹ nghệ chỉ được vay vốn t&iacute;n dụng khi c&oacute; sự chấp thuận của thống đốc. &ldquo;Hơn 4 năm qua, chưa DN n&agrave;o được vay vốn từ NH thương mại để sản xuất, kinh doanh v&agrave;ng trang sức mỹ nghệ. Cơ quan quản l&yacute; cũng chưa c&oacute; hướng dẫn cụ thể về nguy&ecirc;n tắc, điều kiện v&agrave; thủ tục tr&igrave;nh thống đốc xin vay vốn&rdquo; - &ocirc;ng Long n&ecirc;u r&otilde;.</p><p>Theo Luật Đầu tư 2014, hoạt động vay vốn t&iacute;n dụng phục vụ sản xuất, kinh doanh v&agrave;ng trang sức mỹ nghệ kh&ocirc;ng thuộc ng&agrave;nh nghề kinh doanh c&oacute; điều kiện. Ngo&agrave;i ra, Thủ tướng cũng đ&atilde; chỉ đạo nếu những th&ocirc;ng tư kh&ocirc;ng được n&acirc;ng cấp l&ecirc;n th&agrave;nh nghị định th&igrave; sau ng&agrave;y 1-7 sẽ hết hiệu lực thi h&agrave;nh.</p><p>&ldquo;Một số ng&agrave;nh nghề kinh doanh kh&aacute;c c&oacute; rủi ro cũng được tiếp cận vốn t&iacute;n dụng, trong khi DN v&agrave;ng trang sức kh&ocirc;ng được vay vốn l&agrave; chưa c&ocirc;ng bằng. Khi vay vốn, c&aacute;c NH thương mại sẽ quyết định hiệu quả hoạt động của DN v&agrave;ng trang sức để cấp t&iacute;n dụng n&ecirc;n hiệp hội mong muốn DN trong ng&agrave;nh được &ldquo;trả về thị trường&rdquo; - &ocirc;ng Long kiến nghị.</p><p>Chủ tịch Hội Mỹ nghệ kim ho&agrave;n TP HCM Nguyễn Văn Dưng nh&igrave;n nhận hoạt động sản xuất, kinh doanh v&agrave;ng trang sức mỹ nghệ của c&aacute;c DN thời gian qua gặp rất nhiều kh&oacute; khăn v&agrave; bị tr&oacute;i buộc bằng những cơ chế, ch&iacute;nh s&aacute;ch kh&ocirc;ng thuận lợi như những ng&agrave;nh kh&aacute;c. Đ&acirc;y chỉ l&agrave; một ng&agrave;nh giống như kinh doanh c&aacute;c loại h&agrave;ng h&oacute;a th&ocirc;ng thường nhưng DN lại kh&ocirc;ng được tạo điều kiện ph&aacute;t triển tương xứng.</p><p>Ngay việc nhập khẩu v&agrave;ng nguy&ecirc;n liệu để sản xuất v&agrave;ng trang sức mỹ nghệ, theo c&aacute;c DN v&agrave;ng, nhu cầu của thị trường Việt Nam mỗi năm khoảng 15-20 tấn kh&ocirc;ng phải qu&aacute; lớn để g&acirc;y x&aacute;o trộn nền kinh tế. Tuy nhi&ecirc;n, suốt 4 năm qua, do kh&ocirc;ng được cấp ph&eacute;p nhập khẩu v&agrave;ng để sản xuất v&agrave;ng trang sức mỹ nghệ đ&atilde; khiến cả ng&agrave;nh v&agrave;ng ở v&agrave;o thế &ldquo;ch&ocirc;ng ch&ecirc;nh&rdquo;, phải mua nguy&ecirc;n liệu tr&ocirc;i nổi, thậm ch&iacute; cả nguy&ecirc;n liệu v&agrave;ng kh&ocirc;ng hợp ph&aacute;p để sản xuất.</p><p>Một chuy&ecirc;n gia trong lĩnh vực v&agrave;ng cho rằng quy m&ocirc; thị trường v&agrave;ng trang sức của Việt Nam rất lớn nhưng thiếu m&ocirc;i trường kinh doanh thuận lợi để c&aacute;c DN ph&aacute;t triển tương xứng. Trong khi đ&oacute;, trang sức Việt đang phải cạnh tranh gay gắt tr&ecirc;n s&acirc;n nh&agrave; v&agrave; khi hội nhập với c&aacute;c hiệp định thương mại, trang sức ngoại tr&agrave;n v&agrave;o.</p><p>&ldquo;Nếu kh&ocirc;ng c&oacute; chiến lược ph&aacute;t triển ng&agrave;nh trang sức theo hướng n&acirc;ng cao năng lực cạnh tranh cho c&aacute;c DN vừa v&agrave; nhỏ, thị trường v&agrave;ng nữ trang Việt Nam trong tương lai c&oacute; nguy cơ phải &ldquo;nhường s&acirc;n&rdquo; cho h&agrave;ng ngoại&rdquo; - vị n&agrave;y lo ngại.</p><p>Chiều 30-6, một l&atilde;nh đạo NH Nh&agrave; nước cho biết đ&atilde; nhận được văn bản kiến nghị của VGTA v&agrave; đ&atilde; chuyển cho c&aacute;c vụ, cục chức năng để r&agrave; so&aacute;t c&aacute;c quy định theo đ&uacute;ng luật, tr&igrave;nh Thống đốc v&agrave; Thủ tướng xem x&eacute;t. Theo vị n&agrave;y, những kiến nghị của VGTA mới chỉ từ ph&iacute;a c&aacute;c DN n&ecirc;n NH Nh&agrave; nước sẽ nghi&ecirc;n cứu quy định để trả lời trong thời gian sớm nhất.</p>','2016-07-02 18:51:31',3,1,0),(4,'Dịch vụ xây dựng chuyên nghiệp','<h2><p>X&acirc;y dựng thi c&ocirc;ng chắc chắn là m&ocirc;̣t n&ocirc;̃i lo lớn của m&ocirc;̃i chủ đ&acirc;̀u tư, vì đ&ecirc;̉ có m&ocirc;̣t đ&ocirc;̣i ngũ x&acirc;y dựng giàu kinh nghi&ecirc;̣m, và chuy&ecirc;n m&ocirc;n, thi c&ocirc;ng kĩ càng, uy tín và đ&acirc;̀y trách nhi&ecirc;̣m là đi&ecirc;̀u sẽ làm bạn phải suy nghĩ lựa chọn r&acirc;́t khó khăn&hellip;</p><p>vì hi&ecirc;̣n nay r&acirc;́t nhi&ecirc;̀u c&ocirc;ng ty x&acirc;y dựng, và đ&acirc;u đó chúng ta v&acirc;̃n phải nghe v&ecirc;̀ những c&ocirc;ng ty làm ăn kh&ocirc;ng đàng hoàng như cam k&ecirc;́t v&acirc;̣t tư ch&acirc;́t lượng thương hi&ecirc;̣u, nhưng lại pha tr&ocirc;̣n hàng kém ch&acirc;́t lượng, hàng giả, hàng cũ, hàng l&ocirc;̃i, hàng t&ocirc;̀n kho hoặc bớt xén v&acirc;̣t tư &hellip; Hoặc ăn bớt c&ocirc;ng x&acirc;y&hellip;</p><p><img alt=\"thi-cong-xy-dung-nha-pho-16\" height=\"300\" src=\"http://localhost/wordpress/wp-content/uploads/2016/06/thi-cong-xy-dung-nha-pho-16-225x300.jpg\" srcset=\"http://catxanh.vn/wp-content/uploads/2016/06/thi-cong-xy-dung-nha-pho-16-225x300.jpg 225w, <a href=\" class=\"fr-dii fr-draggable\" style=\"width: 225px;\"></p><p>Hi&ecirc;̉u được đi&ecirc;̀u đó, CAT XANH lu&ocirc;n coi từng ng&ocirc;i nhà, từng dự án mà chúng t&ocirc;i thực hi&ecirc;̣n, chúng t&ocirc;i đ&ecirc;̀u coi đó là x&acirc;y cho nhà mình, và tư tưởng này được xuy&ecirc;n su&ocirc;́t tới từng thợ h&ocirc;̀. Và được quản lý bởi h&ecirc;̣ th&ocirc;́ng quản trị chuy&ecirc;n nghi&ecirc;̣p của chúng t&ocirc;i đ&ecirc;̉ làm sao đáp ứng v&ecirc;̀ chuy&ecirc;n m&ocirc;n, chuy&ecirc;n nghi&ecirc;̣p mà đạo đức ngh&ecirc;̀ nghi&ecirc;̣p được ti&ecirc;n quy&ecirc;́t.</p></h2>','2016-07-03 11:13:55',1,1,0),(5,'Tiết lộ sốc: Làm việc tại Facebook như sống tại... Triều Tiên','<p>Antonio Garcia Martinez, cựu gi&aacute;m đốc quảng c&aacute;o của Facebook, bị sa thải v&agrave;o năm 2013 sau hai năm l&agrave;m việc đ&atilde; v&iacute; l&agrave;m việc tại Facebook &quot;như sống tại Triều Ti&ecirc;n&quot;.</p><p>Theo &ocirc;ng, nh&acirc;n vi&ecirc;n nữ kh&ocirc;ng được mặc trang phục c&oacute; thể l&agrave;m &quot;ph&acirc;n t&acirc;m&quot; nh&acirc;n vi&ecirc;n nam. Họ sẽ bị khiển tr&aacute;ch nếu mang v&aacute;y hay quần short qu&aacute; ngắn. Gi&aacute;m đốc ph&ograve;ng nh&acirc;n sự sẽ l&agrave;m một b&agrave;i ph&aacute;t biểu trước c&aacute;c nh&acirc;n vi&ecirc;n mới, trong đ&oacute; y&ecirc;u cầu phụ nữ phải tu&acirc;n theo một quy định trang phục nghi&ecirc;m khắc. Trước đ&acirc;y một nh&acirc;n vi&ecirc;n thực tập nữ thường mang quần short đến văn ph&ograve;ng đ&atilde; bị khiển tr&aacute;ch nghi&ecirc;m trọng.</p><p align=\"center\"><img alt=\"Tiết lộ sốc: Làm việc tại Facebook như sống tại... Triều Tiên - 1\" src=\"http://image.24h.com.vn/upload/3-2016/images/2016-07-02/1467462700-mark-quan-ly-facebook-nhu-trieu-tien_zagt.jpg\" class=\"fr-dii fr-draggable\"></p><p>&nbsp;Mark Zuckerberg được cho l&agrave; quản l&yacute; Facebook như &nbsp;Triều Ti&ecirc;n. &nbsp;Ảnh: EXPRESS.CO.UK</p><p>Trong khi đ&oacute;, nh&acirc;n vi&ecirc;n nam kh&ocirc;ng phải tu&acirc;n theo bất cứ quy định trang phục n&agrave;o. Martinez cho biết nh&acirc;n vi&ecirc;n mới đến phải trải qua nhiều cuộc phỏng vấn nhằm hướng nh&acirc;n vi&ecirc;n đi theo quan điểm của c&ocirc;ng ty. Martinez m&ocirc; tả l&agrave;m việc cho Facebook giống như ở trong một gi&aacute;o ph&aacute;i với Zuckerberg l&agrave; &quot;gi&aacute;o chủ&quot; c&ograve;n nh&acirc;n vi&ecirc;n l&agrave; những &quot;t&iacute;n đồ ch&acirc;n ch&iacute;nh&quot;.</p><p>Ng&agrave;y m&agrave; một nh&acirc;n vi&ecirc;n gia nhập Facebook được gọi l&agrave; &quot;Faceversary&quot; v&agrave; được kỷ niệm như lễ rửa tội của c&aacute;c t&iacute;n đồ C&ocirc;ng gi&aacute;o. Ng&agrave;y n&agrave;y được xem như ng&agrave;y sinh nhật thứ hai v&agrave; tất cả mọi người sẽ ch&uacute;c mừng tặng bong b&oacute;ng cho nh&acirc;n vi&ecirc;n mới. Ng&agrave;y bạn rời khỏi Facebook được xem như ng&agrave;y &quot;dứt t&igrave;nh&quot;. Facebook sẽ đăng tải ảnh thẻ ID kh&ocirc;ng c&ograve;n nguy&ecirc;n vẹn của bạn khi bạn bước ra khỏi cửa c&ocirc;ng ty.</p><p>C&aacute;c nh&acirc;n vi&ecirc;n tại ph&ograve;ng truyền th&ocirc;ng của Facebook đ&atilde; đặt biệt danh cho Zuckerberg l&agrave; &quot;tiểu ho&agrave;ng đế&quot;, do c&ocirc;ng ty c&oacute; một lực lượng cảnh s&aacute;t nội bộ l&agrave;m, việc nghi&ecirc;m ngặt như Ủy ban An ninh Quốc gia Mỹ (NSA). Lực lượng n&agrave;y c&oacute; t&ecirc;n gọi &quot;The Sec&quot;, theo d&otilde;i nhất cử nhất động của đội ngũ nh&acirc;n vi&ecirc;n, theo Antonio Garcia Martinez.</p><p align=\"center\"><img alt=\"Tiết lộ sốc: Làm việc tại Facebook như sống tại... Triều Tiên - 2\" src=\"http://image.24h.com.vn/upload/3-2016/images/2016-07-02/1467462700-mark-2.jpg\" class=\"fr-dii fr-draggable\"></p><p>&nbsp;&Ocirc;ng chủ Facebook bị c&aacute;o buộc c&oacute; ch&iacute;nh s&aacute;ch ph&acirc;n biệt giới t&iacute;nh tại nơi l&agrave;m việc. Ảnh: &nbsp;EXPRESS.CO.UK</p><p>Văn ph&ograve;ng của Zuckerberg c&ograve;n c&oacute; t&ecirc;n gọi l&agrave; &quot;Bể c&aacute;&quot;, v&igrave; tất cả bức tường bao quanh đều bằn k&iacute;nh. Trong khi đ&oacute; ph&ograve;ng hội nghị của nữ gi&aacute;m đốc Sheryl Sandberg th&igrave; được đặt t&ecirc;n l&agrave; &quot;Chỉ nhận tin tốt&quot;, v&igrave; đ&oacute; l&agrave; tất cả những g&igrave; nữ gi&aacute;m đốc n&agrave;y muốn nghe bằng kh&ocirc;ng c&ocirc; sẽ &quot;nổi trận l&ocirc;i đ&igrave;nh&quot;. Theo Martinez, nh&acirc;n vi&ecirc;n c&oacute; nhiều ng&agrave;y phải l&agrave;m việc tới 20 giờ. Nhưng b&ugrave; lại, nh&agrave; ăn c&ocirc;ng ty sẽ phục vụ tất cả bữa ăn trong ng&agrave;y.</p><p>Cựu nh&acirc;n vi&ecirc;n n&agrave;y cũng khẳng định &ocirc;ng chủ Zuckerberg c&oacute; những khẩu hiệu &quot;khắc khổ&quot;, điển h&igrave;nh như &quot;Kh&ocirc;ng bao giờ hết việc&quot; được vẽ tr&ecirc;n tường văn ph&ograve;ng. Zuckerberg cũng đ&atilde; chửi mắng nh&acirc;n vi&ecirc;n do kh&ocirc;ng trang tr&iacute; văn ph&ograve;ng theo c&aacute;ch m&igrave;nh muốn. &Ocirc;ng y&ecirc;u cầu nh&acirc;n vi&ecirc;n sơn lại văn ph&ograve;ng m&igrave;nh nhưng khi nh&igrave;n thấy những h&igrave;nh vẽ &quot;nguệch ngoạc&quot; tr&ecirc;n tường, anh đ&atilde; gửi email chửi mắng thậm tệ: &quot;T&ocirc;i tin tưởng anh sẽ tạo ra t&aacute;c phẩm nghệ thuật nhưng thứ qu&aacute;i dị m&agrave; ch&iacute;nh anh l&agrave;m ra đ&atilde; ph&aacute; hoại nơi n&agrave;y.&quot;</p><p align=\"center\"><img alt=\"Tiết lộ sốc: Làm việc tại Facebook như sống tại... Triều Tiên - 3\" src=\"http://image.24h.com.vn/upload/3-2016/images/2016-07-02/1467462700-mark-3.jpg\" class=\"fr-dii fr-draggable\"></p><p>&nbsp;Bảng viết phấn do c&aacute;c nh&acirc;n vi&ecirc;n vẽ v&agrave; ghi ch&eacute;p tại Facebook. Ảnh: &nbsp;DAILYMAIL.CO.UK</p><p>Theo Martinez, &ocirc;ng chủ Facebook bị &aacute;m ảnh với sự bảo mật. Khi một nh&acirc;n vi&ecirc;n l&agrave;m r&ograve; rỉ th&ocirc;ng tin chi tiết về một sản phẩm sắp ra mắt, Zuckerberg đ&atilde; gửi email cảnh c&aacute;o tới to&agrave;n thể nh&acirc;n vi&ecirc;n c&ocirc;ng ty với d&ograve;ng ti&ecirc;u đề: &quot;H&atilde;y từ chức đi&quot;. Zuckerberg đ&atilde; rất tức giận với những nh&acirc;n vi&ecirc;n đ&atilde; để lộ th&ocirc;ng tin sản phẩm. Trong mail, Zuckerberg chỉ tr&iacute;ch đạo đức nghề nghiệp của nh&acirc;n vi&ecirc;n n&agrave;y, cho rằng người n&agrave;y &quot;đ&atilde; phản bội&quot; c&ocirc;ng ty.</p><p>Sau một v&agrave;i lần tiếp x&uacute;c trực tiếp với Zuckerberg, Martinez cho rằng &ocirc;ng chủ Facebook rất lỗ m&atilde;ng. Zuckerberg đ&atilde; từng nhiều lần ngắt lời khi anh tr&igrave;nh b&agrave;y. Martinez kể lại rằng trong một cuộc họp về quảng c&aacute;o, Zuckerberg đ&atilde; kh&ocirc;ng xem lại chi tiết kỹ thuật bởi v&igrave; &quot;kh&ocirc;ng c&oacute; ki&ecirc;n nhẫn để đọc&quot;.</p><p>Zuckerberg thường đưa ra c&aacute;c quyết định ảnh hưởng đến 1,6 tỉ người d&ugrave;ng Facebook chỉ dựa tr&ecirc;n &quot;cảm t&iacute;nh&quot; v&agrave; &quot;t&igrave;nh h&igrave;nh ch&iacute;nh trị&quot; m&agrave; kh&ocirc;ng c&acirc;n nhắc kỹ c&agrave;ng quyết định đ&oacute;, theo Martinez.</p><p>Martinez thậm ch&iacute; c&ograve;n viết trong s&aacute;ch rằng Zuckerberg đ&atilde; từng nhốt cả c&ocirc;ng ty v&agrave; kh&ocirc;ng cho ph&eacute;p bất cứ ai rời khỏi t&ograve;a nh&agrave; khi Google cho ra mắt Google Plus. Tuy nhi&ecirc;n, sau khi nhận ra Google Plus kh&ocirc;ng phải l&agrave; mối đe dọa lớn, &ocirc;ng chủ Facebook cho rằng Google đ&atilde; thổi phồng t&iacute;nh năng của mạng x&atilde; hội mới.</p><p>Ngo&agrave;i Martinez, Katherine Losse cũng viết cuốn s&aacute;ch kh&aacute;c c&aacute;o buộc Facebook c&oacute; h&agrave;nh vi ph&acirc;n biệt giới t&iacute;nh. Cuốn s&aacute;ch c&ograve;n cho biết nh&acirc;n vi&ecirc;n nữ phải l&agrave;m người ch&agrave;o đ&oacute;n kh&aacute;ch ở một số hội nghị của Facebook.</p><p>Hiện Facebook vẫn chưa b&igrave;nh luận về cuốn s&aacute;ch của Antonio.</p>','2016-07-03 11:02:01',1,1,0),(6,'Vì sao gần đây hay tìm được kim cương \"khủng\"?','<p>Vi&ecirc;n kim cương lớn thứ hai lịch sử thế giới được đấu gi&aacute; ng&agrave;y 29.6 v&agrave; l&agrave; một trong 3 vi&ecirc;n kim cương k&iacute;ch thước &ldquo;khủng&rdquo; nhất được t&igrave;m thấy gần đ&acirc;y. Ph&oacute;ng vi&ecirc;n Clare Spencer của BBC rất thắc mắc v&igrave; sao sau hơn 100 năm c&aacute;c c&ocirc;ng ty mới lại li&ecirc;n tục t&igrave;m thấy những vi&ecirc;n kim cương k&iacute;ch thước kỉ lục tới vậy.</p><p>Ng&agrave;y 16.11.2015, Tiroyanone Mathaba đang t&igrave;m kiếm ở mỏ Karowe, Botswana th&igrave; ph&aacute;t hiện ra vi&ecirc;n kim cương nặng tới 1.109 carat. K&iacute;ch thước vi&ecirc;n kim cương bằng đ&uacute;ng quả b&oacute;ng tennis.</p><p>&Ocirc;ng chủ của mỏ khai th&aacute;c William Lamb trả lời b&aacute;o ch&iacute; rằng to&agrave;n bộ 804 nh&acirc;n vi&ecirc;n của khu mỏ đều được thưởng sau sự kiện n&agrave;y, tuy nhi&ecirc;n kh&ocirc;ng tiết lộ chi tiết số tiền.</p><p>Trong v&ograve;ng 72 tiếng, khu mỏ Karowe c&ograve;n xuất hiện th&ecirc;m hai vi&ecirc;n đ&aacute; qu&yacute; nữa c&oacute; k&iacute;ch thước khủng. Một vi&ecirc;n kim cương nặng 374 carat chưa được đặt t&ecirc;n v&agrave; một vi&ecirc;n kh&aacute;c 812 carat được gọi t&ecirc;n Constellation đ&atilde; được t&igrave;m thấy chỉ trong 3 ng&agrave;y.</p><p align=\"center\"><img alt=\"Vì sao gần đây hay tìm được kim cương &quot;khủng&quot;? - 2\" src=\"http://image.24h.com.vn/upload/2-2016/images/2016-06-30/1467285482-146727327845094-2--copy-.jpg\" class=\"fr-dii fr-draggable\" style=\"width: 500px;\"></p><p align=\"center\">Trước khi nghiền nhỏ, đ&aacute; quặng được soi bằng m&aacute;y X-quang.</p><p>Hai năm trước, Mathaba từng nghi ngờ việc xuất hiện những vi&ecirc;n kim cương k&iacute;ch thước lớn hơn khi một vi&ecirc;n đ&aacute; qu&yacute; 239 carat được t&igrave;m thấy. &nbsp;Mathaba đang l&agrave;m việc cho c&ocirc;ng ty khai th&aacute;c kim cương Lucara c&oacute; trụ sở ở Canada.</p><p>Năm 2014, c&ocirc;ng ty Lucara nghi ngờ những m&aacute;y ph&acirc;n loại đ&aacute; kimberlite thường bỏ s&oacute;t hoặc nghiền nhỏ những vi&ecirc;n đ&aacute; c&oacute; k&iacute;ch thước lớn hơn 30mm. Ch&iacute;nh điều n&agrave;y l&agrave;m những vi&ecirc;n &nbsp;kim cương c&oacute; k&iacute;ch thước lớn kh&ocirc;ng được ph&aacute;t hiện.</p><p>Sau đ&oacute;, c&ocirc;ng ty n&agrave;y đ&atilde; mang một m&aacute;y soi X-quang tới mỏ kim cương v&agrave; số tiền đầu tư đ&atilde; ph&aacute;t huy t&aacute;c dụng ngay lập tức. Vi&ecirc;n Constellation được b&aacute;n với gi&aacute; 62 triệu USD (khoảng 1.400 tỉ đồng) hồi th&aacute;ng 5 vừa qua.</p><p>Vi&ecirc;n kim cương Lesedi la Rona dự kiến b&aacute;n ng&agrave;y 29.6 nhưng chưa c&oacute; kh&aacute;ch mua. Hai vi&ecirc;n kim cương n&agrave;y được cho l&agrave; lớn nhất từng t&igrave;m thấy trong qu&aacute; tr&igrave;nh khai th&aacute;c c&ocirc;ng nghiệp.</p><p>Vi&ecirc;n lớn nhất hiện nay l&agrave; Cullinan, t&igrave;m thấy hơn 100 năm trước ở độ s&acirc;u 9m v&agrave; sử dụng một con dao kẹp để khai th&aacute;c. Ng&agrave;y nay, khai th&aacute;c kim cương &aacute;p dụng c&ocirc;ng nghệ hiện đại hơn bằng c&aacute;ch sử dụng thuốc nổ, t&aacute;ch quặng rồi d&ugrave;ng m&aacute;y nghiền.</p><p>Paul Day, gi&aacute;m đốc điều h&agrave;nh c&ocirc;ng ty Lucara cho rằng qu&aacute; tr&igrave;nh khai th&aacute;c c&ocirc;ng nghiệp đ&atilde; l&agrave;m mất đi những vi&ecirc;n kim cương k&iacute;ch thước lớn do bị nghiền n&aacute;t. Paul n&oacute;i: &ldquo;D&ugrave; kim cương rất cứng nhưng kh&ocirc;ng đồng nghĩa l&agrave; kh&ocirc;ng thể nghiền n&aacute;t&rdquo;.</p><p align=\"center\"><img alt=\"Vì sao gần đây hay tìm được kim cương &quot;khủng&quot;? - 3\" src=\"http://image.24h.com.vn/upload/2-2016/images/2016-06-30/1467285482-14672732788988-3--copy-.jpg\" class=\"fr-dii fr-draggable\" style=\"width: 500px;\"></p><p align=\"center\">Vi&ecirc;n kim cương lớn nhất thế giới được b&aacute;n cho Anh v&agrave; cắt nhỏ để gắn l&ecirc;n vương miện nữ ho&agrave;ng.</p><p>Paul Day cho biết nếu vi&ecirc;n kim cương 100 carat bị đập bằng b&uacute;a sắt v&agrave;o một miếng th&eacute;p th&igrave; n&oacute; ho&agrave;n to&agrave;n c&oacute; thể vỡ th&agrave;nh nhiều mảnh. Kim cương được cho l&agrave; loại vật liệu cứng nhất thế giới.</p><p>Paul Day tin rằng việc thay đổi c&aacute;ch thức khai th&aacute;c kim cương nhờ m&aacute;y X-quang gi&uacute;p ph&aacute;t hiện ra những vi&ecirc;n c&oacute; k&iacute;ch thước lớn gấp nhiều lần trong qu&aacute; khứ. Tuy nhi&ecirc;n, theo Paul, vấn đề đau đầu tiếp theo l&agrave; ai sẽ chi tiền cho những vi&ecirc;n đ&aacute; qu&yacute; qu&aacute; đắt đỏ n&agrave;y?</p>','2016-07-03 11:02:40',1,1,0),(7,'Nhiều hệ lụy từ Brexit tác động tới thị trường BĐS','<p>Theo đ&aacute;nh gi&aacute; của một số chuy&ecirc;n gia bất động sản, việc đầu tư vốn v&agrave;o thị trường bất động sản ch&acirc;u &Aacute; - Th&aacute;i B&igrave;nh Dương c&oacute; thể bị ảnh hưởng do c&aacute;c kh&aacute;ch h&agrave;ng nước ngo&agrave;i đang phải hứng chịu những ảnh hưởng trực tiếp từ Brexit. Theo đ&aacute;nh gi&aacute; của C&ocirc;ng ty JLL, nhiều nh&agrave; đầu tư c&oacute; khả năng kh&ocirc;ng tham gia đấu thầu cho đến khi biến động từ Brexit đi qua, kể cả c&aacute;c <a href=\"http://www.24h.com.vn/ngan-hang-c587.html\" title=\"ngân hàng\">ng&acirc;n h&agrave;ng</a> c&oacute; mối quan hệ chặt chẽ với ch&acirc;u &Acirc;u cũng kh&ocirc;ng c&oacute; khả năng đ&aacute;nh gi&aacute; rủi ro với thị trường bấp b&ecirc;nh như hiện nay.</p><p>Tiến sĩ Megan Walters, Trưởng bộ phận Nghi&ecirc;n cứu thị trường vốn tại ch&acirc;u &Aacute; - Th&aacute;i B&igrave;nh Dương của JLL n&oacute;i rằng một v&agrave;i hợp đồng lớn tại thị trường bất động sản ch&acirc;u &Aacute; c&oacute; thể bị đ&igrave;nh trệ trong thời gian ngắn, do c&oacute; li&ecirc;n quan đến c&aacute;c quỹ đầu tư với nhiều nh&agrave; đầu tư ch&acirc;u &Acirc;u.</p><p>Tuy nhi&ecirc;n, theo quy luật của thị trường vốn to&agrave;n cầu, bất kể khoảng trống đầu tư n&agrave;o m&agrave; c&aacute;c nh&agrave; đầu tư ch&acirc;u &Acirc;u để lại cũng sẽ nhanh ch&oacute;ng được tận dụng bởi c&aacute;c nguồn vốn kh&aacute;c. Trong những thời kỳ biến động n&agrave;y, bất động sản đ&oacute;ng vai tr&ograve; l&agrave; k&ecirc;nh đầu tư cố định cho danh mục đầu tư khi m&agrave; c&aacute;c nh&agrave; quản l&yacute; quỹ tập trung hơn v&agrave;o c&aacute;c t&agrave;i sản linh động. C&aacute;c chuy&ecirc;n gia JLL cho rằng Brexit sẽ mang lại cơ hội ngắn hạn cho c&aacute;c nh&agrave; đầu tư quốc tế nhưng nhu cầu về nh&agrave; ở sẽ yếu đi c&ugrave;ng với sự hạn chế về d&ograve;ng vốn.</p><p>Trong giai đoạn biến động <a href=\"http://www.24h.com.vn/tai-chinh-bat-dong-san-c161.html\" title=\"tài chính\">t&agrave;i ch&iacute;nh</a> vẫn đang tiếp tục, c&oacute; thể d&ograve;ng tiền đầu tư v&agrave;o thị trường bất động sản sẽ chậm lại. Thế nhưng, JLL tin rằng sẽ c&oacute; người chiến thắng sau giai đoạn n&agrave;y. Lượng đầu tư ở ch&acirc;u &Aacute; - Th&aacute;i B&igrave;nh Dương lớn tới nỗi c&aacute;c k&ecirc;nh đầu tư kh&aacute;c tại khu vực ch&acirc;u &Aacute; c&oacute; thể nắm lợi thế từ những cơ hội hiện tại.</p><p>Một v&agrave;i gi&aacute; trị tiền tệ sẽ mạnh hơn - đặc biệt l&agrave; đồng yen Nhật, qua đ&oacute; l&agrave;m gia tăng sức mua. Sự gia tăng đ&aacute;ng kể của c&aacute;c loại tiền tệ n&agrave;y cũng c&oacute; thể khiến l&atilde;i suất của Ng&acirc;n h&agrave;ng Nhật xuống &acirc;m hơn v&agrave; phải nới lỏng định lượng hơn nữa. Những ch&iacute;nh s&aacute;ch n&agrave;y, nếu được ban h&agrave;nh, th&igrave; thị trường bất động sản ch&acirc;u &Aacute; sẽ c&oacute; được hưởng lợi.</p><p>JLL cho rằng c&oacute; 6 hệ lụy đối với thị trường bất động sản khi Anh rời khỏi EU. Thứ nhất, nhu cầu nh&agrave; ở sẽ suy yếu c&ugrave;ng với sự tăng trưởng chậm về <a href=\"http://www.24h.com.vn/tai-chinh-bat-dong-san-c161.html\" title=\"kinh tế\">kinh tế</a> v&agrave; t&acirc;m l&yacute; thị trường giảm s&uacute;t. T&aacute;c động về gi&aacute; thu&ecirc; c&oacute; thể được giới hạn bởi nguồn cung hạn chế, nhưng hoạt động kinh doanh chắc chắn sẽ bị ảnh hưởng.</p><p>Thứ hai, t&acirc;m l&yacute; nh&agrave; đầu tư xấu đi, sẽ c&agrave;ng l&agrave;m giảm d&ograve;ng vốn ngắn hạn đến trung hạn. Thứ ba, c&oacute; khả năng l&agrave; gi&aacute; trị t&agrave;i sản sẽ bị điều chỉnh thấp hơn trong v&ograve;ng hai năm tới. Thứ tư, thị trường nh&agrave; ở được dự đo&aacute;n sẽ dịu xuống d&ugrave; l&atilde;i suất c&oacute; giảm xuống, nhưng sẽ kh&ocirc;ng c&oacute; những điều chỉnh đ&aacute;ng kể, ngoại trừ ở London, nơi m&agrave; gi&aacute; trị t&agrave;i sản cao hơn, l&agrave;m cho thị trường dễ biến động hơn.</p><p>Thứ năm l&agrave; đối với thị trường bất động sản, những điều chỉnh ban đầu sẽ rất khốc kiệt, nhưng theo sau đ&oacute; sẽ l&agrave; xu hướng tăng khi c&aacute;c cơ hội t&aacute;i xuất hiện tại c&aacute;c thị trường ch&iacute;nh ở Anh v&agrave; khi thị trường nhận ra lợi &iacute;ch của việc đồng bảng Anh yếu đi. T&acirc;m l&yacute; thị trường v&agrave; gi&aacute; cả sẽ l&agrave; ch&igrave;a kh&oacute;a để vực dậy nhu cầu thị trường.</p><p>Chris Ireland, Gi&aacute;m đốc điều h&agrave;nh JLL tại Anh đ&aacute;nh gi&aacute; ngay cả m&ocirc;i trường kinh doanh của quốc gia n&agrave;y vẫn giữ như b&igrave;nh thường về mặt thương mại v&agrave; luật ph&aacute;p cho đến năm 2018, một sự thay đổi lớn như vậy chắc hẳn sẽ tạo ra nhiều biến động trong thị trường kinh tế v&agrave; bất động sản tr&ecirc;n to&agrave;n cầu. Tuy nhi&ecirc;n, &ocirc;ng Chris Ireland n&oacute;i rằng những ảnh hưởng tr&ecirc;n chủ yếu chỉ g&oacute;i gọn trong phạm vi nước Anh nếu sự ra đi khỏi EU của nước n&agrave;y diễn ra su&ocirc;n sẻ.</p>','2016-07-03 11:03:08',1,1,0);

UNLOCK TABLES;

/*Table structure for table `users` */

DROP TABLE IF EXISTS `users`;

CREATE TABLE `users` (
  `id` int(11) unsigned NOT NULL AUTO_INCREMENT,
  `ip_address` varchar(45) NOT NULL,
  `username` varchar(100) DEFAULT NULL,
  `password` varchar(255) NOT NULL,
  `salt` varchar(255) DEFAULT NULL,
  `email` varchar(100) NOT NULL,
  `activation_code` varchar(40) DEFAULT NULL,
  `forgotten_password_code` varchar(40) DEFAULT NULL,
  `forgotten_password_time` int(11) unsigned DEFAULT NULL,
  `remember_code` varchar(40) DEFAULT NULL,
  `created_on` int(11) unsigned NOT NULL,
  `last_login` int(11) unsigned DEFAULT NULL,
  `active` tinyint(1) unsigned DEFAULT NULL,
  `first_name` varchar(50) DEFAULT NULL,
  `last_name` varchar(50) DEFAULT NULL,
  `company` varchar(100) DEFAULT NULL,
  `phone` varchar(20) DEFAULT NULL,
  `gioitinh` varchar(10) DEFAULT NULL,
  `deleted` tinyint(9) unsigned NOT NULL DEFAULT '0',
  PRIMARY KEY (`id`)
) ENGINE=InnoDB AUTO_INCREMENT=4 DEFAULT CHARSET=utf8;

/*Data for the table `users` */

LOCK TABLES `users` WRITE;

insert  into `users`(`id`,`ip_address`,`username`,`password`,`salt`,`email`,`activation_code`,`forgotten_password_code`,`forgotten_password_time`,`remember_code`,`created_on`,`last_login`,`active`,`first_name`,`last_name`,`company`,`phone`,`gioitinh`,`deleted`) values (1,'127.0.0.1','administrator','$2y$08$kta7mERQUwSznQ4P8rIHlemTkHGMtyjty0B8YojxhUlVjosT3CluC','','admin@admin.com',NULL,NULL,NULL,'qBhIYl9MYw4qnbtFLSrnC.',1268889823,1467783478,1,'Admin','tran','ADMIN','0195623455','Nam',0),(2,'::1','daotran','$2y$08$SsYkE1sZ.OP7zYsSxgq.N.mwDWzKiSQA.rWS/qObfZ7j3fQluMgc2',NULL,'lytranuit@gmail.com',NULL,NULL,NULL,NULL,1467211954,NULL,1,NULL,'tran',NULL,'0978019668',NULL,0),(3,'::1','duychung','$2y$08$07kIFreRASeuR6lTozy0bebZM7AQ2fNqhul1sGhxeRBKweaBH2wlm',NULL,'acvjsd@gmail.com',NULL,NULL,NULL,NULL,1467461122,1467723116,1,NULL,'Lê Duy Chung',NULL,'0903525787','Nam',0);

UNLOCK TABLES;

/*Table structure for table `users_groups` */

DROP TABLE IF EXISTS `users_groups`;

CREATE TABLE `users_groups` (
  `id` int(11) unsigned NOT NULL AUTO_INCREMENT,
  `user_id` int(11) unsigned NOT NULL,
  `group_id` mediumint(8) unsigned NOT NULL,
  PRIMARY KEY (`id`),
  UNIQUE KEY `uc_users_groups` (`user_id`,`group_id`),
  KEY `fk_users_groups_users1_idx` (`user_id`),
  KEY `fk_users_groups_groups1_idx` (`group_id`)
) ENGINE=InnoDB AUTO_INCREMENT=11 DEFAULT CHARSET=utf8;

/*Data for the table `users_groups` */

LOCK TABLES `users_groups` WRITE;

insert  into `users_groups`(`id`,`user_id`,`group_id`) values (7,1,1),(8,1,2),(10,2,2),(9,3,2);

UNLOCK TABLES;

/*!40101 SET SQL_MODE=@OLD_SQL_MODE */;
/*!40014 SET FOREIGN_KEY_CHECKS=@OLD_FOREIGN_KEY_CHECKS */;
